use for analysis,x,y,targets,eweights
1,-0.1919126957654953,0.38161084055900574,"[7.0, 11.0, 28.0, 128.0, 124.0, 45.0, 114.0, 47.0, 74.0, 14.0, 168.0, 68.0, 42.0, 25.0, 8.0, 135.0, 164.0, 118.0, 127.0, 62.0, 29.0, 21.0, 70.0, 37.0, 152.0, 44.0, 71.0, 87.0, 102.0, 22.0, 73.0]","[53.0, 567.0, 51.0, 8.0, 42.0, 164.0, 22.0, 7.0, 1.0, 1.0, 1.0, 1.0, 16.0, 2.0, 20.0, 11.0, 2.0, 20.0, 1.0, 6.0, 1.0, 4.0, 1.0, 4.0, 2.0, 1.0, 2.0, 1.0, 1.0, 1.0, 4.0]"
1,-0.1335783153772354,0.25131338834762573,"[91.0, 121.0, 114.0, 46.0, 8.0, 11.0, 34.0, 14.0, 21.0, 77.0, 95.0, 78.0, 60.0, 62.0, 110.0, 135.0, 67.0, 118.0, 52.0, 47.0, 23.0, 68.0, 70.0, 89.0, 80.0, 37.0, 61.0, 65.0, 22.0, 25.0, 40.0, 73.0, 30.0, 24.0, 7.0, 45.0]","[1.0, 1.0, 3.0, 13.0, 2.0, 1.0, 11.0, 6.0, 28.0, 25.0, 15.0, 2.0, 2.0, 1.0, 2.0, 1.0, 3.0, 1.0, 3.0, 2.0, 1.0, 6.0, 4.0, 1.0, 1.0, 4.0, 1.0, 1.0, 5.0, 27.0, 1.0, 1.0, 1.0, 1.0, 1.0, 1.0]"
1,0.6949003338813782,0.046976588666439056,"[51.0, 32.0, 55.0, 69.0, 176.0, 72.0, 3.0, 67.0, 58.0, 18.0, 39.0, 4.0, 10.0, 56.0]","[36.0, 9.0, 1.0, 5.0, 1.0, 19.0, 3.0, 1.0, 5.0, 5.0, 1.0, 1.0, 1.0, 1.0]"
1,0.48642697930336,-0.1650555580854416,"[72.0, 63.0, 10.0, 162.0, 16.0, 19.0, 69.0, 51.0, 32.0, 166.0, 64.0, 4.0, 59.0, 48.0, 15.0, 2.0]","[2.0, 283.0, 88.0, 1.0, 1.0, 6.0, 5.0, 5.0, 11.0, 73.0, 55.0, 6.0, 65.0, 5.0, 1.0, 3.0]"
1,0.3514343798160553,0.10472998768091202,"[64.0, 13.0, 75.0, 72.0, 19.0, 63.0, 69.0, 17.0, 5.0, 32.0, 38.0, 18.0, 67.0, 35.0, 66.0, 168.0, 119.0, 99.0, 166.0, 136.0, 20.0, 2.0, 3.0]","[29.0, 1.0, 20.0, 20.0, 8.0, 2.0, 6.0, 6.0, 1.0, 20.0, 1.0, 5.0, 3.0, 3.0, 1.0, 1.0, 1.0, 1.0, 1.0, 1.0, 1.0, 1.0, 6.0]"
1,0.26416537165641785,0.07712031155824661,"[63.0, 40.0, 13.0, 168.0, 9.0, 19.0, 32.0, 160.0, 31.0, 17.0, 51.0, 66.0, 69.0, 48.0, 64.0, 67.0, 35.0, 18.0, 38.0, 121.0, 4.0]","[11.0, 84.0, 50.0, 1.0, 3.0, 50.0, 1.0, 1.0, 9.0, 8.0, 3.0, 10.0, 3.0, 7.0, 2.0, 17.0, 1.0, 2.0, 2.0, 1.0, 1.0]"
1,0.270353227853775,0.5731756091117859,"[168.0, 60.0, 29.0, 21.0, 30.0, 14.0, 7.0, 42.0, 47.0, 22.0, 24.0]","[1.0, 9.0, 2.0, 2.0, 7.0, 1.0, 1.0, 15.0, 4.0, 3.0, 2.0]"
1,-0.18475061655044556,0.4844428598880768,"[68.0, 41.0, 45.0, 86.0, 141.0, 46.0, 14.0, 11.0, 8.0, 73.0, 34.0, 47.0, 33.0, 90.0, 88.0, 71.0, 29.0, 40.0, 118.0, 21.0, 24.0, 92.0, 128.0, 126.0, 37.0, 53.0, 101.0, 60.0, 62.0, 42.0, 61.0, 124.0, 1.0, 31.0, 153.0, 22.0, 30.0, 108.0, 0.0, 6.0]","[543.0, 1.0, 53.0, 19.0, 6.0, 5.0, 4.0, 391.0, 13.0, 1.0, 1.0, 66.0, 1.0, 1.0, 1.0, 1.0, 64.0, 1.0, 2.0, 13.0, 45.0, 23.0, 4.0, 1.0, 1.0, 1.0, 1.0, 2.0, 1.0, 16.0, 3.0, 1.0, 1.0, 2.0, 1.0, 4.0, 1.0, 1.0, 53.0, 1.0]"
1,-0.05580802634358406,0.49059775471687317,"[70.0, 21.0, 45.0, 62.0, 42.0, 11.0, 68.0, 40.0, 47.0, 46.0, 41.0, 74.0, 23.0, 14.0, 37.0, 58.0, 1.0, 7.0, 0.0]","[3.0, 54.0, 137.0, 4.0, 7.0, 154.0, 25.0, 1.0, 18.0, 2.0, 1.0, 50.0, 9.0, 3.0, 2.0, 2.0, 2.0, 13.0, 20.0]"
1,0.5192182064056396,-0.36717596650123596,"[64.0, 20.0, 19.0, 69.0, 63.0, 38.0, 75.0, 55.0, 43.0, 17.0, 153.0, 32.0, 176.0, 58.0, 18.0, 173.0, 14.0, 149.0, 56.0, 26.0, 175.0, 121.0, 5.0]","[2.0, 4.0, 4.0, 5.0, 1.0, 13.0, 3.0, 1.0, 4.0, 4.0, 1.0, 9.0, 3.0, 1.0, 2.0, 3.0, 1.0, 1.0, 2.0, 3.0, 1.0, 2.0, 3.0]"
1,0.652808427810669,-0.2279072254896164,"[166.0, 168.0, 59.0, 32.0, 55.0, 64.0, 172.0, 162.0, 60.0, 46.0, 56.0, 69.0, 3.0, 2.0]","[29.0, 2.0, 540.0, 8.0, 1.0, 5.0, 3.0, 2.0, 1.0, 1.0, 1.0, 1.0, 88.0, 1.0]"
1,-0.1250513345003128,0.48928123712539673,"[45.0, 74.0, 47.0, 46.0, 68.0, 14.0, 64.0, 23.0, 41.0, 34.0, 73.0, 18.0, 42.0, 25.0, 37.0, 118.0, 124.0, 49.0, 61.0, 21.0, 96.0, 115.0, 62.0, 70.0, 22.0, 52.0, 27.0, 16.0, 60.0, 7.0, 0.0, 1.0, 8.0]","[409.0, 12.0, 7.0, 2.0, 8.0, 1.0, 1.0, 2.0, 1.0, 37.0, 10.0, 4.0, 16.0, 4.0, 1.0, 2.0, 1.0, 1.0, 1.0, 5.0, 1.0, 1.0, 5.0, 2.0, 11.0, 1.0, 1.0, 1.0, 1.0, 391.0, 567.0, 1.0, 154.0]"
1,1.0,-0.5107484459877014,"[32.0, 15.0, 18.0, 43.0, 26.0, 20.0, 69.0, 39.0]","[1.0, 15.0, 1.0, 1.0, 1.0, 1.0, 1.0, 1.0]"
1,0.3231939673423767,-0.0014717946760356426,"[63.0, 40.0, 69.0, 32.0, 39.0, 58.0, 18.0, 94.0, 75.0, 19.0, 35.0, 149.0, 100.0, 158.0, 43.0, 153.0, 26.0, 72.0, 110.0, 17.0, 48.0, 64.0, 155.0, 171.0, 5.0, 4.0]","[21.0, 60.0, 11.0, 10.0, 2.0, 3.0, 2.0, 1.0, 10.0, 8.0, 2.0, 1.0, 1.0, 1.0, 13.0, 1.0, 1.0, 1.0, 1.0, 11.0, 3.0, 2.0, 1.0, 1.0, 50.0, 1.0]"
1,0.055458731949329376,0.3364556133747101,"[47.0, 41.0, 21.0, 62.0, 70.0, 40.0, 108.0, 42.0, 53.0, 60.0, 25.0, 90.0, 34.0, 37.0, 29.0, 73.0, 49.0, 71.0, 65.0, 45.0, 46.0, 52.0, 127.0, 30.0, 1.0, 7.0, 11.0, 0.0, 6.0, 9.0, 8.0]","[109.0, 4.0, 100.0, 85.0, 113.0, 19.0, 2.0, 16.0, 5.0, 415.0, 12.0, 1.0, 9.0, 8.0, 2.0, 6.0, 14.0, 3.0, 4.0, 3.0, 1.0, 4.0, 1.0, 1.0, 6.0, 4.0, 1.0, 1.0, 1.0, 1.0, 3.0]"
1,0.846410870552063,-0.4396779537200928,"[32.0, 69.0, 18.0, 72.0, 12.0, 43.0, 39.0, 149.0, 3.0]","[4.0, 3.0, 1.0, 1.0, 15.0, 2.0, 1.0, 3.0, 1.0]"
1,0.2167925238609314,0.7001758813858032,"[108.0, 46.0, 40.0, 70.0, 74.0, 119.0, 60.0, 52.0, 42.0, 37.0, 62.0, 47.0, 21.0, 25.0, 73.0, 53.0, 11.0, 3.0]","[17.0, 3.0, 4.0, 6.0, 1.0, 2.0, 2.0, 12.0, 1.0, 4.0, 3.0, 1.0, 1.0, 1.0, 1.0, 1.0, 1.0, 1.0]"
1,0.18448756635189056,-0.184507355093956,"[165.0, 168.0, 72.0, 75.0, 152.0, 67.0, 120.0, 167.0, 154.0, 160.0, 63.0, 64.0, 94.0, 32.0, 69.0, 35.0, 48.0, 38.0, 31.0, 50.0, 111.0, 19.0, 156.0, 175.0, 9.0, 4.0, 5.0, 13.0]","[113.0, 33.0, 20.0, 124.0, 47.0, 42.0, 6.0, 2.0, 3.0, 27.0, 38.0, 14.0, 5.0, 25.0, 3.0, 12.0, 1.0, 2.0, 15.0, 2.0, 1.0, 4.0, 2.0, 1.0, 4.0, 6.0, 8.0, 11.0]"
1,0.41758573055267334,-0.19585654139518738,"[155.0, 56.0, 169.0, 55.0, 39.0, 176.0, 59.0, 54.0, 171.0, 64.0, 62.0, 23.0, 73.0, 20.0, 151.0, 34.0, 65.0, 94.0, 69.0, 150.0, 58.0, 75.0, 177.0, 164.0, 178.0, 153.0, 163.0, 35.0, 51.0, 12.0, 31.0, 32.0, 160.0, 48.0, 63.0, 26.0, 174.0, 66.0, 67.0, 19.0, 60.0, 4.0, 11.0, 2.0, 15.0, 5.0, 13.0, 9.0]","[71.0, 138.0, 6.0, 95.0, 39.0, 1.0, 1.0, 4.0, 1.0, 13.0, 1.0, 1.0, 20.0, 4.0, 3.0, 1.0, 2.0, 2.0, 55.0, 15.0, 61.0, 5.0, 2.0, 7.0, 19.0, 1.0, 2.0, 2.0, 7.0, 1.0, 1.0, 3.0, 1.0, 1.0, 18.0, 1.0, 1.0, 3.0, 1.0, 1.0, 1.0, 5.0, 4.0, 5.0, 1.0, 2.0, 2.0, 2.0]"
1,0.24943536520004272,-0.10857395082712173,"[69.0, 38.0, 72.0, 67.0, 156.0, 94.0, 63.0, 64.0, 35.0, 55.0, 32.0, 48.0, 175.0, 176.0, 66.0, 75.0, 154.0, 31.0, 149.0, 93.0, 56.0, 160.0, 4.0, 9.0, 5.0, 3.0, 18.0, 13.0, 17.0]","[7.0, 4.0, 9.0, 20.0, 2.0, 42.0, 74.0, 8.0, 10.0, 1.0, 7.0, 11.0, 5.0, 1.0, 19.0, 6.0, 6.0, 7.0, 1.0, 1.0, 1.0, 1.0, 8.0, 4.0, 50.0, 6.0, 1.0, 8.0, 4.0]"
1,0.8476191759109497,-0.01784457080066204,"[72.0, 32.0, 12.0, 75.0, 69.0, 31.0, 48.0, 9.0, 18.0, 4.0]","[3.0, 1.0, 1.0, 1.0, 7.0, 4.0, 1.0, 4.0, 4.0, 1.0]"
1,-0.05907274782657623,0.23733890056610107,"[62.0, 42.0, 70.0, 40.0, 53.0, 60.0, 25.0, 47.0, 153.0, 176.0, 30.0, 45.0, 68.0, 29.0, 24.0, 33.0, 73.0, 118.0, 71.0, 46.0, 127.0, 119.0, 74.0, 52.0, 41.0, 143.0, 146.0, 175.0, 49.0, 37.0, 22.0, 1.0, 8.0, 14.0, 7.0, 11.0, 16.0, 0.0, 6.0]","[5.0, 257.0, 164.0, 22.0, 1.0, 11.0, 23.0, 38.0, 1.0, 19.0, 5.0, 10.0, 85.0, 1.0, 1.0, 3.0, 1.0, 1.0, 5.0, 1.0, 2.0, 5.0, 4.0, 2.0, 6.0, 2.0, 1.0, 1.0, 4.0, 6.0, 2.0, 28.0, 54.0, 100.0, 13.0, 5.0, 1.0, 4.0, 2.0]"
1,0.06428401917219162,0.817136287689209,"[73.0, 49.0, 71.0, 47.0, 52.0, 141.0, 61.0, 70.0, 44.0, 11.0, 0.0, 1.0, 6.0, 7.0, 21.0]","[1.0, 1.0, 1.0, 18.0, 4.0, 1.0, 1.0, 1.0, 1.0, 11.0, 1.0, 5.0, 3.0, 4.0, 2.0]"
1,0.13229341804981232,0.18534249067306519,"[74.0, 87.0, 108.0, 168.0, 47.0, 46.0, 60.0, 34.0, 40.0, 70.0, 62.0, 42.0, 71.0, 11.0, 18.0, 1.0, 8.0]","[253.0, 3.0, 2.0, 1.0, 5.0, 1.0, 1.0, 1.0, 2.0, 1.0, 6.0, 2.0, 1.0, 2.0, 1.0, 1.0, 9.0]"
1,-0.023859228938817978,0.6480206251144409,"[29.0, 70.0, 40.0, 25.0, 74.0, 33.0, 42.0, 49.0, 46.0, 73.0, 47.0, 71.0, 62.0, 68.0, 141.0, 60.0, 45.0, 30.0, 53.0, 176.0, 61.0, 1.0, 52.0, 122.0, 27.0, 21.0, 7.0, 6.0]","[450.0, 1.0, 2.0, 3.0, 2.0, 3.0, 2.0, 2.0, 2.0, 1.0, 7.0, 1.0, 3.0, 13.0, 1.0, 2.0, 5.0, 2.0, 1.0, 1.0, 1.0, 1.0, 1.0, 1.0, 1.0, 1.0, 45.0, 2.0]"
1,0.0739644318819046,0.40409761667251587,"[60.0, 40.0, 53.0, 62.0, 47.0, 56.0, 168.0, 29.0, 73.0, 45.0, 42.0, 124.0, 34.0, 44.0, 37.0, 49.0, 87.0, 108.0, 65.0, 70.0, 126.0, 30.0, 104.0, 61.0, 74.0, 71.0, 52.0, 174.0, 175.0, 0.0, 21.0, 11.0, 24.0, 14.0, 1.0, 16.0]","[9.0, 18.0, 119.0, 131.0, 85.0, 1.0, 1.0, 4.0, 23.0, 1.0, 76.0, 1.0, 18.0, 1.0, 65.0, 6.0, 2.0, 12.0, 1.0, 25.0, 1.0, 20.0, 1.0, 7.0, 1.0, 7.0, 1.0, 1.0, 1.0, 2.0, 23.0, 4.0, 3.0, 12.0, 27.0, 1.0]"
1,0.14515089988708496,-0.7046579122543335,"[158.0, 115.0, 153.0, 174.0, 35.0, 43.0, 12.0, 55.0, 176.0, 178.0, 156.0, 75.0, 18.0, 13.0, 72.0, 63.0, 9.0, 152.0, 42.0]","[35.0, 1.0, 54.0, 60.0, 2.0, 19.0, 1.0, 2.0, 34.0, 1.0, 1.0, 1.0, 1.0, 1.0, 2.0, 1.0, 3.0, 1.0, 1.0]"
1,-0.2823144197463989,0.3763148784637451,"[42.0, 30.0, 146.0, 70.0, 29.0, 71.0, 62.0, 60.0, 37.0, 47.0, 74.0, 53.0, 24.0, 11.0]","[2.0, 109.0, 1.0, 6.0, 2.0, 3.0, 4.0, 2.0, 1.0, 1.0, 1.0, 1.0, 1.0, 1.0]"
1,-0.2824553847312927,0.20555979013442993,"[128.0, 124.0, 114.0, 61.0, 96.0, 125.0, 50.0, 94.0, 113.0, 118.0, 99.0, 76.0, 0.0]","[95.0, 67.0, 38.0, 1.0, 3.0, 2.0, 2.0, 1.0, 1.0, 29.0, 1.0, 1.0, 51.0]"
1,-0.03703539818525314,0.5718564987182617,"[74.0, 70.0, 144.0, 47.0, 40.0, 46.0, 73.0, 42.0, 71.0, 33.0, 34.0, 49.0, 65.0, 127.0, 86.0, 68.0, 37.0, 52.0, 92.0, 141.0, 128.0, 62.0, 30.0, 45.0, 118.0, 53.0, 168.0, 60.0, 95.0, 80.0, 61.0, 122.0, 55.0, 7.0, 6.0, 24.0, 0.0, 14.0, 25.0, 27.0, 21.0]","[33.0, 2.0, 10.0, 29.0, 13.0, 6.0, 16.0, 5.0, 7.0, 56.0, 1.0, 8.0, 4.0, 1.0, 1.0, 30.0, 117.0, 2.0, 1.0, 1.0, 3.0, 7.0, 8.0, 4.0, 1.0, 3.0, 1.0, 2.0, 1.0, 1.0, 1.0, 1.0, 1.0, 64.0, 2.0, 450.0, 1.0, 2.0, 4.0, 2.0, 1.0]"
1,-0.20806673169136047,0.29425251483917236,"[33.0, 142.0, 111.0, 122.0, 126.0, 131.0, 127.0, 46.0, 171.0, 44.0, 73.0, 90.0, 69.0, 70.0, 119.0, 143.0, 99.0, 60.0, 146.0, 81.0, 62.0, 61.0, 71.0, 53.0, 75.0, 151.0, 1.0, 47.0, 42.0, 87.0, 37.0, 108.0, 6.0, 29.0, 21.0, 7.0, 14.0, 27.0, 24.0, 25.0]","[17.0, 6.0, 8.0, 15.0, 1.0, 1.0, 19.0, 141.0, 1.0, 2.0, 4.0, 1.0, 1.0, 7.0, 32.0, 8.0, 1.0, 51.0, 6.0, 14.0, 17.0, 2.0, 16.0, 1.0, 1.0, 1.0, 1.0, 1.0, 20.0, 1.0, 1.0, 1.0, 7.0, 8.0, 5.0, 1.0, 1.0, 109.0, 2.0, 20.0]"
1,0.4235984981060028,0.13356351852416992,"[32.0, 67.0, 86.0, 43.0, 149.0, 64.0, 152.0, 48.0, 174.0, 72.0, 51.0, 38.0, 18.0, 17.0, 20.0, 19.0, 7.0, 5.0]","[3.0, 18.0, 1.0, 1.0, 1.0, 2.0, 1.0, 1.0, 2.0, 16.0, 1.0, 1.0, 1.0, 15.0, 4.0, 7.0, 2.0, 9.0]"
1,0.30636000633239746,-0.10525815933942795,"[75.0, 35.0, 69.0, 38.0, 173.0, 179.0, 39.0, 63.0, 175.0, 165.0, 58.0, 55.0, 117.0, 128.0, 137.0, 167.0, 178.0, 12.0, 72.0, 64.0, 154.0, 67.0, 51.0, 74.0, 160.0, 155.0, 149.0, 48.0, 59.0, 156.0, 152.0, 94.0, 120.0, 121.0, 20.0, 15.0, 10.0, 5.0, 31.0, 9.0, 4.0, 17.0, 18.0, 13.0, 2.0, 19.0, 3.0]","[258.0, 20.0, 44.0, 10.0, 1.0, 1.0, 4.0, 36.0, 12.0, 16.0, 4.0, 6.0, 4.0, 1.0, 6.0, 11.0, 1.0, 1.0, 8.0, 36.0, 9.0, 5.0, 7.0, 1.0, 3.0, 1.0, 1.0, 1.0, 7.0, 4.0, 6.0, 1.0, 3.0, 3.0, 1.0, 4.0, 8.0, 1.0, 3.0, 9.0, 20.0, 25.0, 3.0, 10.0, 9.0, 7.0, 11.0]"
1,-0.19397000968456268,0.6641075611114502,"[53.0, 62.0, 142.0, 46.0, 42.0, 71.0, 40.0, 30.0, 24.0, 21.0, 29.0, 7.0]","[1.0, 1.0, 1.0, 3.0, 4.0, 31.0, 1.0, 17.0, 3.0, 3.0, 56.0, 1.0]"
1,0.12107528746128082,0.5831960439682007,"[73.0, 87.0, 41.0, 62.0, 45.0, 40.0, 53.0, 74.0, 42.0, 37.0, 70.0, 68.0, 60.0, 61.0, 52.0, 47.0, 7.0, 18.0, 1.0, 25.0, 29.0, 14.0, 11.0, 23.0]","[3.0, 1.0, 1.0, 15.0, 4.0, 6.0, 64.0, 7.0, 3.0, 3.0, 2.0, 2.0, 11.0, 1.0, 84.0, 6.0, 1.0, 1.0, 11.0, 18.0, 1.0, 9.0, 37.0, 1.0]"
1,0.23513180017471313,-0.24308502674102783,"[75.0, 69.0, 152.0, 63.0, 158.0, 165.0, 176.0, 153.0, 174.0, 94.0, 55.0, 160.0, 51.0, 163.0, 113.0, 178.0, 67.0, 48.0, 72.0, 172.0, 175.0, 171.0, 168.0, 154.0, 26.0, 4.0, 32.0, 19.0, 17.0, 18.0, 5.0, 13.0]","[8.0, 2.0, 29.0, 67.0, 3.0, 13.0, 1.0, 2.0, 3.0, 5.0, 6.0, 12.0, 1.0, 4.0, 1.0, 1.0, 10.0, 1.0, 5.0, 1.0, 2.0, 1.0, 13.0, 3.0, 2.0, 3.0, 20.0, 10.0, 12.0, 2.0, 1.0, 2.0]"
1,0.9827650189399719,-0.9916362166404724,"[54.0, 171.0]","[1.0, 3.0]"
1,0.030055727809667587,0.5302090048789978,"[40.0, 42.0, 89.0, 49.0, 73.0, 46.0, 65.0, 52.0, 62.0, 60.0, 70.0, 92.0, 87.0, 146.0, 86.0, 68.0, 47.0, 71.0, 132.0, 61.0, 74.0, 11.0, 0.0, 25.0, 34.0, 1.0, 7.0, 14.0, 29.0, 16.0, 30.0, 21.0, 27.0, 8.0]","[6.0, 5.0, 19.0, 13.0, 16.0, 25.0, 2.0, 175.0, 72.0, 24.0, 3.0, 1.0, 1.0, 2.0, 1.0, 1.0, 34.0, 6.0, 1.0, 1.0, 1.0, 1.0, 4.0, 65.0, 3.0, 4.0, 1.0, 8.0, 117.0, 4.0, 1.0, 6.0, 1.0, 2.0]"
1,0.3537806272506714,-0.23030802607536316,"[158.0, 173.0, 174.0, 69.0, 72.0, 94.0, 56.0, 49.0, 63.0, 75.0, 163.0, 59.0, 67.0, 66.0, 40.0, 149.0, 110.0, 17.0, 5.0, 19.0, 4.0, 9.0, 31.0, 32.0]","[2.0, 31.0, 1.0, 6.0, 4.0, 1.0, 1.0, 1.0, 1.0, 4.0, 3.0, 2.0, 14.0, 1.0, 1.0, 1.0, 1.0, 2.0, 2.0, 4.0, 1.0, 13.0, 1.0, 10.0]"
1,0.6054123044013977,-0.344912052154541,"[56.0, 58.0, 55.0, 150.0, 63.0, 69.0, 172.0, 12.0, 178.0, 176.0, 67.0, 42.0, 163.0, 164.0, 51.0, 18.0, 2.0, 32.0, 13.0, 15.0]","[11.0, 46.0, 4.0, 35.0, 2.0, 13.0, 1.0, 1.0, 8.0, 1.0, 2.0, 1.0, 2.0, 1.0, 3.0, 39.0, 1.0, 4.0, 2.0, 1.0]"
1,0.1926448494195938,0.25016123056411743,"[71.0, 62.0, 70.0, 42.0, 53.0, 60.0, 176.0, 63.0, 45.0, 46.0, 73.0, 49.0, 47.0, 52.0, 118.0, 74.0, 65.0, 146.0, 108.0, 34.0, 37.0, 5.0, 8.0, 33.0, 14.0, 7.0, 13.0, 16.0, 21.0, 38.0, 25.0, 23.0, 24.0, 29.0, 1.0]","[14.0, 11.0, 16.0, 17.0, 48.0, 4.0, 2.0, 16.0, 1.0, 1.0, 19.0, 182.0, 8.0, 9.0, 1.0, 1.0, 12.0, 1.0, 3.0, 6.0, 6.0, 84.0, 1.0, 1.0, 19.0, 1.0, 60.0, 4.0, 22.0, 1.0, 18.0, 2.0, 2.0, 13.0, 1.0]"
1,0.0604826919734478,0.6953750848770142,"[47.0, 62.0, 61.0, 141.0, 45.0, 44.0, 46.0, 52.0, 14.0, 11.0, 7.0, 21.0, 8.0, 34.0]","[23.0, 8.0, 10.0, 3.0, 9.0, 13.0, 27.0, 2.0, 4.0, 1.0, 1.0, 6.0, 1.0, 1.0]"
1,-0.06414930522441864,0.3009868860244751,"[71.0, 45.0, 70.0, 53.0, 62.0, 60.0, 46.0, 142.0, 143.0, 127.0, 171.0, 175.0, 47.0, 73.0, 119.0, 61.0, 65.0, 68.0, 114.0, 74.0, 104.0, 49.0, 26.0, 24.0, 29.0, 14.0, 21.0, 8.0, 25.0, 39.0, 34.0, 0.0, 11.0, 37.0, 7.0, 33.0, 6.0, 30.0, 16.0, 27.0, 40.0, 23.0]","[320.0, 4.0, 127.0, 8.0, 9.0, 37.0, 22.0, 1.0, 1.0, 26.0, 1.0, 1.0, 4.0, 7.0, 1.0, 6.0, 1.0, 4.0, 1.0, 1.0, 2.0, 3.0, 1.0, 2.0, 5.0, 16.0, 257.0, 7.0, 76.0, 1.0, 3.0, 16.0, 16.0, 5.0, 16.0, 4.0, 15.0, 20.0, 1.0, 2.0, 17.0, 2.0]"
1,0.4754337668418884,-0.5728809237480164,"[12.0, 72.0, 176.0, 158.0, 153.0, 174.0, 155.0, 126.0, 9.0, 31.0, 15.0, 26.0, 13.0]","[1.0, 1.0, 7.0, 4.0, 1.0, 5.0, 1.0, 2.0, 4.0, 1.0, 2.0, 19.0, 13.0]"
1,-0.11377276480197906,0.6048437356948853,"[61.0, 46.0, 165.0, 60.0, 74.0, 62.0, 67.0, 71.0, 141.0, 70.0, 103.0, 146.0, 0.0, 30.0, 22.0, 25.0, 41.0]","[185.0, 6.0, 1.0, 8.0, 1.0, 3.0, 1.0, 9.0, 6.0, 2.0, 1.0, 1.0, 1.0, 2.0, 1.0, 1.0, 13.0]"
1,-0.1962614357471466,0.5442705154418945,"[74.0, 62.0, 70.0, 68.0, 86.0, 80.0, 92.0, 78.0, 73.0, 65.0, 47.0, 60.0, 49.0, 95.0, 71.0, 61.0, 1.0, 8.0, 21.0, 0.0, 42.0, 29.0, 24.0, 11.0, 14.0, 7.0, 34.0, 25.0, 40.0, 41.0]","[4.0, 11.0, 2.0, 62.0, 2.0, 53.0, 41.0, 9.0, 5.0, 1.0, 11.0, 1.0, 2.0, 1.0, 4.0, 1.0, 1.0, 137.0, 10.0, 164.0, 4.0, 4.0, 5.0, 409.0, 3.0, 53.0, 4.0, 1.0, 1.0, 9.0]"
1,-0.05147111043334007,0.4170535206794739,"[144.0, 61.0, 141.0, 68.0, 60.0, 47.0, 71.0, 62.0, 53.0, 124.0, 70.0, 44.0, 30.0, 40.0, 29.0, 8.0, 33.0, 24.0, 37.0, 23.0, 1.0, 11.0, 21.0, 7.0, 16.0, 42.0, 14.0, 10.0, 41.0]","[15.0, 9.0, 3.0, 3.0, 658.0, 3.0, 1.0, 1.0, 1.0, 1.0, 36.0, 6.0, 141.0, 1.0, 6.0, 2.0, 3.0, 2.0, 25.0, 1.0, 13.0, 2.0, 1.0, 5.0, 3.0, 22.0, 1.0, 1.0, 27.0]"
1,0.008460424840450287,0.4346786141395569,"[70.0, 62.0, 169.0, 144.0, 68.0, 49.0, 60.0, 65.0, 73.0, 53.0, 95.0, 71.0, 61.0, 87.0, 108.0, 74.0, 124.0, 102.0, 103.0, 96.0, 45.0, 25.0, 0.0, 40.0, 41.0, 29.0, 11.0, 34.0, 8.0, 1.0, 7.0, 46.0, 21.0, 42.0, 14.0, 37.0, 52.0, 23.0, 24.0, 30.0, 6.0, 22.0, 16.0, 27.0]","[40.0, 27.0, 1.0, 7.0, 6.0, 69.0, 11.0, 7.0, 84.0, 5.0, 7.0, 211.0, 1.0, 3.0, 3.0, 2.0, 1.0, 3.0, 1.0, 1.0, 11.0, 85.0, 7.0, 8.0, 23.0, 29.0, 7.0, 6.0, 18.0, 2.0, 66.0, 3.0, 38.0, 4.0, 109.0, 34.0, 10.0, 5.0, 7.0, 1.0, 4.0, 18.0, 1.0, 1.0]"
1,0.5697641968727112,-0.02651696652173996,"[66.0, 59.0, 149.0, 67.0, 63.0, 72.0, 69.0, 75.0, 176.0, 64.0, 164.0, 55.0, 161.0, 32.0, 18.0, 5.0, 13.0, 3.0, 20.0, 31.0, 17.0, 19.0, 35.0]","[2.0, 1.0, 2.0, 2.0, 4.0, 1.0, 1.0, 5.0, 1.0, 18.0, 1.0, 1.0, 1.0, 1.0, 1.0, 7.0, 3.0, 5.0, 1.0, 1.0, 1.0, 11.0, 1.0]"
1,0.1591254323720932,0.3360811173915863,"[73.0, 65.0, 71.0, 74.0, 60.0, 62.0, 70.0, 61.0, 113.0, 104.0, 53.0, 29.0, 14.0, 47.0, 38.0, 24.0, 37.0, 11.0, 40.0, 45.0, 25.0, 42.0, 21.0, 22.0]","[130.0, 243.0, 13.0, 4.0, 11.0, 20.0, 7.0, 6.0, 13.0, 1.0, 2.0, 8.0, 14.0, 69.0, 1.0, 2.0, 13.0, 1.0, 182.0, 2.0, 6.0, 3.0, 4.0, 1.0]"
1,-0.6085391640663147,-0.40097758173942566,"[125.0, 96.0, 57.0, 126.0, 129.0, 103.0, 119.0, 122.0, 105.0, 82.0, 127.0, 100.0, 28.0, 17.0]","[189.0, 2.0, 199.0, 3.0, 8.0, 1.0, 1.0, 1.0, 1.0, 1.0, 1.0, 5.0, 2.0, 2.0]"
1,0.6067011952400208,0.1129150539636612,"[69.0, 55.0, 72.0, 67.0, 56.0, 58.0, 96.0, 5.0, 3.0, 2.0, 39.0, 32.0, 18.0, 31.0, 35.0]","[8.0, 4.0, 21.0, 1.0, 1.0, 1.0, 1.0, 3.0, 5.0, 36.0, 3.0, 7.0, 7.0, 1.0, 1.0]"
1,0.16245464980602264,0.48755544424057007,"[62.0, 95.0, 114.0, 127.0, 71.0, 47.0, 60.0, 178.0, 154.0, 75.0, 87.0, 108.0, 67.0, 40.0, 14.0, 25.0, 34.0, 1.0, 53.0, 24.0, 41.0, 16.0, 37.0, 22.0, 21.0, 29.0, 11.0]","[7.0, 11.0, 1.0, 1.0, 1.0, 10.0, 5.0, 1.0, 2.0, 1.0, 1.0, 1.0, 2.0, 9.0, 4.0, 1.0, 84.0, 3.0, 8.0, 1.0, 2.0, 12.0, 175.0, 4.0, 2.0, 2.0, 1.0]"
1,0.10090488195419312,0.49623918533325195,"[74.0, 61.0, 108.0, 62.0, 87.0, 100.0, 102.0, 52.0, 73.0, 70.0, 65.0, 146.0, 91.0, 60.0, 135.0, 110.0, 175.0, 42.0, 14.0, 7.0, 29.0, 40.0, 47.0, 21.0, 49.0, 25.0, 24.0, 34.0, 30.0, 33.0, 46.0, 27.0, 16.0]","[13.0, 2.0, 21.0, 7.0, 7.0, 1.0, 2.0, 8.0, 5.0, 1.0, 1.0, 1.0, 1.0, 29.0, 1.0, 1.0, 1.0, 8.0, 5.0, 1.0, 3.0, 48.0, 5.0, 1.0, 2.0, 119.0, 1.0, 64.0, 1.0, 1.0, 1.0, 1.0, 1.0]"
1,0.5809019804000854,-0.4760738015174866,"[56.0, 171.0, 64.0, 169.0, 55.0, 105.0, 94.0, 149.0, 155.0, 63.0, 66.0, 18.0, 36.0]","[2.0, 19.0, 6.0, 21.0, 16.0, 5.0, 1.0, 1.0, 1.0, 2.0, 7.0, 4.0, 1.0]"
1,0.3495784401893616,-0.3159501254558563,"[56.0, 171.0, 155.0, 169.0, 172.0, 74.0, 58.0, 105.0, 151.0, 164.0, 94.0, 69.0, 178.0, 75.0, 161.0, 163.0, 66.0, 150.0, 149.0, 63.0, 175.0, 67.0, 167.0, 168.0, 72.0, 2.0, 18.0, 26.0, 39.0, 32.0, 10.0, 9.0, 54.0, 35.0, 19.0, 51.0, 48.0, 29.0]","[5.0, 1.0, 211.0, 15.0, 1.0, 2.0, 23.0, 32.0, 11.0, 8.0, 1.0, 3.0, 53.0, 2.0, 1.0, 7.0, 12.0, 1.0, 1.0, 7.0, 1.0, 2.0, 1.0, 1.0, 1.0, 1.0, 95.0, 2.0, 4.0, 6.0, 1.0, 1.0, 16.0, 6.0, 1.0, 4.0, 1.0, 1.0]"
1,0.5438670516014099,-0.2706694006919861,"[155.0, 169.0, 151.0, 63.0, 176.0, 171.0, 69.0, 150.0, 58.0, 168.0, 2.0, 178.0, 131.0, 38.0, 25.0, 9.0, 54.0, 51.0, 19.0, 10.0, 39.0, 55.0, 18.0]","[20.0, 4.0, 2.0, 1.0, 1.0, 2.0, 5.0, 13.0, 27.0, 1.0, 1.0, 2.0, 1.0, 1.0, 1.0, 2.0, 2.0, 1.0, 1.0, 1.0, 11.0, 5.0, 138.0]"
1,-0.6828268766403198,-0.3257209360599518,"[125.0, 129.0, 122.0, 115.0, 106.0, 119.0, 96.0, 126.0, 50.0]","[7.0, 105.0, 4.0, 3.0, 1.0, 20.0, 3.0, 3.0, 199.0]"
1,0.5825174450874329,-0.17984667420387268,"[169.0, 74.0, 151.0, 69.0, 150.0, 155.0, 179.0, 164.0, 178.0, 8.0, 39.0, 56.0, 55.0, 9.0, 2.0, 32.0, 13.0, 18.0, 51.0]","[1.0, 1.0, 1.0, 18.0, 13.0, 1.0, 1.0, 2.0, 1.0, 2.0, 46.0, 27.0, 23.0, 1.0, 5.0, 4.0, 3.0, 61.0, 1.0]"
1,0.7014041543006897,-0.1611781269311905,"[64.0, 66.0, 166.0, 74.0, 18.0, 3.0, 38.0, 10.0, 48.0, 32.0]","[5.0, 2.0, 5.0, 1.0, 1.0, 65.0, 2.0, 540.0, 1.0, 7.0]"
1,-0.02135728858411312,0.3620065748691559,"[65.0, 113.0, 142.0, 143.0, 70.0, 62.0, 61.0, 69.0, 71.0, 119.0, 127.0, 155.0, 73.0, 104.0, 87.0, 68.0, 80.0, 108.0, 74.0, 25.0, 14.0, 49.0, 37.0, 44.0, 16.0, 30.0, 23.0, 47.0, 24.0, 45.0, 6.0, 7.0, 46.0, 29.0, 34.0, 42.0, 53.0, 52.0, 10.0, 18.0, 1.0, 27.0, 40.0, 21.0, 11.0]","[26.0, 1.0, 2.0, 4.0, 31.0, 187.0, 20.0, 1.0, 71.0, 17.0, 7.0, 1.0, 8.0, 10.0, 2.0, 1.0, 1.0, 2.0, 1.0, 9.0, 415.0, 11.0, 24.0, 8.0, 2.0, 51.0, 1.0, 11.0, 2.0, 1.0, 9.0, 2.0, 658.0, 2.0, 11.0, 37.0, 29.0, 5.0, 1.0, 1.0, 2.0, 2.0, 4.0, 11.0, 1.0]"
1,-0.10476165264844894,0.4334348142147064,"[141.0, 68.0, 142.0, 87.0, 143.0, 148.0, 88.0, 62.0, 71.0, 127.0, 73.0, 118.0, 172.0, 178.0, 53.0, 28.0, 46.0, 11.0, 42.0, 49.0, 47.0, 41.0, 7.0, 25.0, 30.0, 60.0, 29.0, 44.0, 24.0, 1.0, 45.0, 34.0, 37.0, 22.0]","[9.0, 33.0, 1.0, 1.0, 1.0, 1.0, 1.0, 296.0, 2.0, 1.0, 8.0, 2.0, 1.0, 1.0, 2.0, 1.0, 9.0, 1.0, 6.0, 6.0, 1.0, 10.0, 3.0, 7.0, 2.0, 20.0, 1.0, 185.0, 1.0, 1.0, 1.0, 1.0, 1.0, 1.0]"
1,0.004306914750486612,0.3005985915660858,"[70.0, 108.0, 65.0, 73.0, 171.0, 168.0, 74.0, 71.0, 127.0, 119.0, 146.0, 143.0, 179.0, 104.0, 95.0, 102.0, 103.0, 154.0, 169.0, 158.0, 61.0, 44.0, 1.0, 53.0, 52.0, 24.0, 37.0, 33.0, 41.0, 42.0, 8.0, 46.0, 29.0, 21.0, 49.0, 0.0, 25.0, 47.0, 7.0, 30.0, 34.0, 11.0, 18.0, 45.0, 14.0, 40.0, 23.0, 60.0, 16.0, 27.0]","[335.0, 2.0, 4.0, 18.0, 1.0, 1.0, 395.0, 1.0, 9.0, 17.0, 1.0, 2.0, 1.0, 14.0, 1.0, 1.0, 1.0, 1.0, 1.0, 1.0, 296.0, 3.0, 1.0, 7.0, 7.0, 3.0, 72.0, 1.0, 8.0, 9.0, 4.0, 1.0, 7.0, 5.0, 20.0, 6.0, 131.0, 27.0, 1.0, 17.0, 15.0, 5.0, 1.0, 11.0, 85.0, 11.0, 6.0, 187.0, 3.0, 4.0]"
1,0.29410478472709656,-0.1763477474451065,"[64.0, 176.0, 160.0, 175.0, 75.0, 163.0, 94.0, 167.0, 67.0, 154.0, 26.0, 155.0, 178.0, 172.0, 149.0, 152.0, 165.0, 168.0, 69.0, 72.0, 4.0, 38.0, 39.0, 48.0, 18.0, 35.0, 5.0, 55.0, 32.0, 40.0, 13.0, 3.0, 19.0, 56.0, 54.0, 9.0, 17.0]","[12.0, 5.0, 6.0, 9.0, 30.0, 3.0, 63.0, 26.0, 22.0, 18.0, 1.0, 1.0, 2.0, 1.0, 1.0, 2.0, 1.0, 2.0, 1.0, 13.0, 2.0, 1.0, 2.0, 4.0, 18.0, 67.0, 11.0, 7.0, 36.0, 16.0, 21.0, 283.0, 74.0, 1.0, 2.0, 1.0, 38.0]"
1,0.39536771178245544,-0.09653917700052261,"[72.0, 171.0, 75.0, 69.0, 174.0, 175.0, 176.0, 153.0, 149.0, 154.0, 67.0, 17.0, 63.0, 31.0, 3.0, 59.0, 54.0, 18.0, 11.0, 9.0, 10.0, 48.0, 13.0, 5.0, 32.0, 4.0, 19.0]","[35.0, 1.0, 30.0, 12.0, 11.0, 1.0, 1.0, 1.0, 6.0, 4.0, 2.0, 14.0, 12.0, 2.0, 55.0, 5.0, 6.0, 13.0, 1.0, 2.0, 5.0, 18.0, 2.0, 2.0, 36.0, 29.0, 8.0]"
1,0.25320184230804443,0.3929441571235657,"[73.0, 70.0, 68.0, 18.0, 49.0, 45.0, 29.0, 47.0, 37.0, 25.0, 42.0, 14.0, 53.0, 62.0, 60.0, 40.0, 1.0]","[375.0, 7.0, 1.0, 2.0, 243.0, 1.0, 4.0, 7.0, 2.0, 1.0, 1.0, 4.0, 1.0, 4.0, 26.0, 12.0, 1.0]"
1,0.46554332971572876,-0.2616879343986511,"[155.0, 171.0, 151.0, 69.0, 169.0, 163.0, 177.0, 67.0, 18.0, 4.0, 48.0, 55.0, 5.0, 59.0, 19.0, 54.0, 38.0]","[6.0, 1.0, 1.0, 7.0, 1.0, 2.0, 1.0, 15.0, 3.0, 1.0, 2.0, 12.0, 10.0, 2.0, 19.0, 7.0, 1.0]"
1,0.12627698481082916,-0.11404600739479065,"[154.0, 167.0, 75.0, 95.0, 72.0, 175.0, 176.0, 165.0, 160.0, 146.0, 102.0, 152.0, 94.0, 96.0, 69.0, 63.0, 44.0, 1.0, 19.0, 31.0, 51.0, 2.0, 4.0, 39.0, 17.0, 32.0, 5.0, 55.0, 18.0, 66.0, 38.0, 52.0, 35.0, 48.0, 64.0]","[17.0, 34.0, 25.0, 21.0, 8.0, 7.0, 1.0, 2.0, 6.0, 1.0, 12.0, 9.0, 9.0, 3.0, 1.0, 22.0, 1.0, 3.0, 20.0, 18.0, 1.0, 1.0, 3.0, 2.0, 42.0, 5.0, 17.0, 2.0, 1.0, 15.0, 14.0, 2.0, 10.0, 2.0, 2.0]"
1,-0.24440732598304749,0.4763301610946655,"[70.0, 86.0, 141.0, 95.0, 80.0, 78.0, 92.0, 124.0, 128.0, 71.0, 8.0, 45.0, 46.0, 0.0, 11.0, 47.0, 34.0, 21.0, 29.0, 24.0, 61.0, 7.0, 1.0, 42.0, 60.0, 65.0, 37.0]","[2.0, 31.0, 8.0, 1.0, 46.0, 18.0, 42.0, 2.0, 2.0, 1.0, 25.0, 62.0, 3.0, 1.0, 8.0, 6.0, 2.0, 85.0, 30.0, 13.0, 33.0, 543.0, 6.0, 4.0, 1.0, 1.0, 1.0]"
1,0.48916083574295044,-0.07719195634126663,"[75.0, 72.0, 150.0, 12.0, 122.0, 155.0, 151.0, 162.0, 39.0, 51.0, 56.0, 18.0, 55.0, 32.0, 58.0, 15.0, 3.0, 64.0, 4.0, 35.0, 60.0, 17.0, 38.0, 2.0, 30.0, 20.0, 48.0, 66.0, 5.0, 9.0, 63.0, 19.0, 13.0, 67.0, 10.0]","[21.0, 46.0, 9.0, 1.0, 1.0, 1.0, 1.0, 1.0, 13.0, 8.0, 5.0, 55.0, 3.0, 44.0, 18.0, 3.0, 5.0, 12.0, 6.0, 2.0, 1.0, 3.0, 6.0, 5.0, 1.0, 7.0, 1.0, 7.0, 3.0, 5.0, 1.0, 7.0, 11.0, 1.0, 1.0]"
1,0.010402187705039978,0.23418748378753662,"[74.0, 108.0, 112.0, 104.0, 144.0, 73.0, 71.0, 119.0, 127.0, 124.0, 103.0, 174.0, 75.0, 120.0, 34.0, 60.0, 62.0, 68.0, 45.0, 30.0, 14.0, 25.0, 21.0, 40.0, 49.0, 37.0, 53.0, 1.0, 42.0, 65.0, 47.0, 0.0, 11.0, 46.0, 8.0, 23.0, 29.0, 24.0, 16.0, 44.0, 27.0, 22.0]","[33.0, 2.0, 1.0, 11.0, 1.0, 8.0, 11.0, 12.0, 3.0, 1.0, 1.0, 1.0, 1.0, 1.0, 2.0, 31.0, 335.0, 2.0, 2.0, 7.0, 113.0, 25.0, 164.0, 16.0, 7.0, 3.0, 1.0, 4.0, 127.0, 7.0, 40.0, 1.0, 2.0, 36.0, 3.0, 1.0, 2.0, 1.0, 6.0, 2.0, 6.0, 1.0]"
1,-0.11345598101615906,0.3559968173503876,"[146.0, 148.0, 131.0, 127.0, 142.0, 119.0, 143.0, 86.0, 87.0, 102.0, 73.0, 60.0, 33.0, 29.0, 21.0, 47.0, 46.0, 62.0, 61.0, 70.0, 49.0, 68.0, 14.0, 52.0, 7.0, 24.0, 25.0, 45.0, 30.0, 37.0, 22.0, 0.0, 40.0, 27.0, 23.0, 42.0, 44.0]","[5.0, 2.0, 2.0, 3.0, 2.0, 12.0, 2.0, 1.0, 2.0, 1.0, 13.0, 71.0, 31.0, 7.0, 5.0, 211.0, 1.0, 1.0, 2.0, 11.0, 13.0, 1.0, 3.0, 1.0, 1.0, 1.0, 7.0, 4.0, 16.0, 6.0, 1.0, 2.0, 14.0, 3.0, 1.0, 320.0, 9.0]"
1,0.4456389844417572,0.016793329268693924,"[75.0, 139.0, 26.0, 69.0, 17.0, 38.0, 19.0, 20.0, 32.0, 15.0, 4.0, 64.0, 43.0, 67.0, 2.0, 35.0, 48.0, 51.0, 3.0, 13.0, 55.0, 63.0, 31.0]","[16.0, 1.0, 2.0, 46.0, 20.0, 4.0, 9.0, 3.0, 8.0, 1.0, 20.0, 35.0, 1.0, 8.0, 19.0, 5.0, 1.0, 21.0, 2.0, 1.0, 1.0, 13.0, 16.0]"
1,0.1755242496728897,0.3949072062969208,"[91.0, 148.0, 87.0, 62.0, 65.0, 25.0, 18.0, 30.0, 11.0, 45.0, 7.0, 40.0, 49.0, 37.0, 29.0, 42.0, 24.0, 34.0, 47.0, 21.0, 70.0, 14.0, 60.0, 61.0, 53.0, 22.0, 1.0, 16.0, 0.0, 71.0]","[2.0, 1.0, 2.0, 18.0, 375.0, 23.0, 20.0, 4.0, 10.0, 5.0, 1.0, 19.0, 130.0, 16.0, 16.0, 7.0, 1.0, 3.0, 84.0, 1.0, 8.0, 6.0, 8.0, 8.0, 5.0, 1.0, 1.0, 1.0, 4.0, 13.0]"
1,0.09071134030818939,0.2821182608604431,"[87.0, 118.0, 175.0, 11.0, 23.0, 29.0, 8.0, 0.0, 16.0, 62.0, 53.0, 34.0, 58.0, 55.0, 24.0, 44.0, 49.0, 32.0, 45.0, 21.0, 40.0, 42.0, 47.0, 25.0, 70.0, 59.0, 37.0, 27.0, 60.0]","[2.0, 1.0, 1.0, 12.0, 253.0, 33.0, 50.0, 1.0, 1.0, 395.0, 13.0, 7.0, 1.0, 2.0, 2.0, 1.0, 4.0, 1.0, 4.0, 4.0, 1.0, 1.0, 2.0, 1.0, 33.0, 1.0, 1.0, 1.0, 1.0]"
1,0.19367720186710358,-0.07483083009719849,"[163.0, 165.0, 156.0, 158.0, 152.0, 176.0, 137.0, 94.0, 117.0, 167.0, 26.0, 174.0, 120.0, 168.0, 175.0, 121.0, 153.0, 151.0, 160.0, 4.0, 69.0, 35.0, 20.0, 38.0, 64.0, 48.0, 9.0, 72.0, 19.0, 32.0, 17.0, 63.0, 18.0, 13.0, 30.0, 52.0, 70.0, 55.0, 67.0]","[1.0, 30.0, 6.0, 1.0, 9.0, 1.0, 4.0, 6.0, 1.0, 1.0, 1.0, 2.0, 17.0, 2.0, 4.0, 2.0, 1.0, 1.0, 1.0, 20.0, 21.0, 8.0, 1.0, 4.0, 30.0, 5.0, 3.0, 16.0, 6.0, 258.0, 124.0, 30.0, 5.0, 10.0, 1.0, 1.0, 1.0, 2.0, 25.0]"
1,-0.9216810464859009,-0.44327056407928467,"[113.0, 103.0, 120.0, 119.0, 115.0, 28.0]","[1.0, 1.0, 1.0, 1.0, 1.0, 1.0]"
1,-0.36620816588401794,0.3125678598880768,"[110.0, 131.0, 78.0, 114.0, 92.0, 80.0, 105.0, 95.0, 96.0, 88.0, 138.0, 87.0, 108.0, 163.0, 1.0]","[89.0, 2.0, 2.0, 2.0, 6.0, 13.0, 13.0, 1.0, 1.0, 2.0, 2.0, 12.0, 1.0, 1.0, 25.0]"
1,-0.36352860927581787,0.4129864573478699,"[113.0, 102.0, 126.0, 80.0, 92.0, 105.0, 95.0, 100.0, 45.0, 68.0, 1.0, 77.0]","[4.0, 1.0, 1.0, 16.0, 14.0, 4.0, 3.0, 4.0, 9.0, 18.0, 2.0, 2.0]"
1,-0.722109854221344,0.16148726642131805,"[163.0, 128.0, 88.0, 90.0, 138.0, 131.0, 137.0, 81.0, 140.0, 136.0, 89.0, 145.0]","[2.0, 1.0, 5.0, 29.0, 4.0, 3.0, 29.0, 18.0, 1.0, 2.0, 5.0, 1.0]"
1,-0.5037418007850647,0.5046732425689697,"[130.0, 133.0, 139.0, 92.0, 86.0, 143.0, 110.0, 138.0, 82.0, 105.0, 98.0, 102.0, 83.0, 89.0, 96.0, 131.0, 132.0, 119.0, 135.0, 171.0, 147.0, 140.0, 68.0, 45.0, 1.0, 78.0, 77.0, 29.0, 60.0]","[2.0, 1.0, 144.0, 34.0, 4.0, 54.0, 23.0, 1.0, 1.0, 2.0, 1.0, 1.0, 1.0, 8.0, 1.0, 1.0, 10.0, 2.0, 6.0, 1.0, 17.0, 2.0, 46.0, 53.0, 1.0, 16.0, 13.0, 1.0, 1.0]"
1,-0.6883515119552612,0.3062652051448822,"[88.0, 168.0, 131.0, 145.0, 83.0, 90.0, 135.0, 142.0, 127.0, 146.0, 122.0, 143.0, 102.0, 148.0, 147.0, 30.0, 79.0]","[21.0, 1.0, 31.0, 1.0, 58.0, 12.0, 1.0, 1.0, 1.0, 14.0, 7.0, 7.0, 1.0, 2.0, 6.0, 14.0, 18.0]"
1,-0.49685874581336975,-0.18573346734046936,"[115.0, 113.0, 129.0, 127.0, 106.0, 84.0, 122.0, 119.0, 111.0, 109.0, 123.0, 112.0, 125.0, 126.0, 117.0, 105.0, 114.0, 103.0, 50.0, 80.0]","[1.0, 2.0, 10.0, 3.0, 215.0, 19.0, 20.0, 157.0, 1.0, 2.0, 17.0, 2.0, 8.0, 6.0, 1.0, 1.0, 7.0, 3.0, 1.0, 1.0]"
1,-0.7852556705474854,0.368272989988327,"[131.0, 137.0, 88.0, 90.0, 89.0, 114.0, 147.0, 135.0, 81.0, 80.0]","[52.0, 9.0, 3.0, 4.0, 6.0, 1.0, 3.0, 2.0, 58.0, 1.0]"
1,-0.3235805630683899,-0.10973510891199112,"[104.0, 112.0, 125.0, 114.0, 129.0, 105.0, 113.0, 90.0, 94.0, 98.0, 87.0, 148.0, 95.0, 124.0, 119.0, 115.0, 96.0, 117.0, 122.0, 99.0, 127.0, 106.0, 93.0, 120.0, 103.0, 141.0, 82.0]","[38.0, 69.0, 1.0, 7.0, 2.0, 10.0, 3.0, 1.0, 1.0, 1.0, 1.0, 1.0, 1.0, 1.0, 27.0, 4.0, 1.0, 3.0, 2.0, 37.0, 4.0, 8.0, 2.0, 2.0, 3.0, 1.0, 19.0]"
1,-0.8705844283103943,0.6001938581466675,"[145.0, 130.0, 110.0, 139.0, 131.0, 136.0, 137.0, 138.0, 88.0, 89.0, 132.0, 146.0, 127.0]","[162.0, 1.0, 2.0, 12.0, 2.0, 3.0, 11.0, 2.0, 3.0, 1.0, 4.0, 1.0, 1.0]"
1,-0.4172273576259613,0.5295515656471252,"[131.0, 141.0, 148.0, 147.0, 88.0, 138.0, 146.0, 137.0, 127.0, 143.0, 164.0, 89.0, 95.0, 135.0, 68.0, 31.0, 29.0, 45.0, 7.0, 71.0, 37.0, 80.0]","[31.0, 97.0, 18.0, 1.0, 4.0, 1.0, 34.0, 29.0, 1.0, 2.0, 1.0, 3.0, 1.0, 3.0, 31.0, 1.0, 1.0, 2.0, 19.0, 1.0, 1.0, 4.0]"
1,-0.17190490663051605,0.7533019781112671,"[108.0, 89.0, 91.0, 105.0, 110.0, 119.0, 135.0, 141.0, 84.0, 23.0, 73.0, 25.0, 53.0, 74.0, 47.0, 60.0, 37.0, 61.0, 77.0, 34.0, 30.0, 71.0, 0.0, 52.0]","[153.0, 3.0, 26.0, 1.0, 7.0, 1.0, 1.0, 1.0, 1.0, 3.0, 2.0, 2.0, 7.0, 2.0, 3.0, 2.0, 1.0, 1.0, 12.0, 1.0, 1.0, 2.0, 1.0, 1.0]"
1,-0.7061457633972168,0.47284579277038574,"[133.0, 90.0, 131.0, 137.0, 145.0, 92.0, 110.0, 113.0, 89.0, 136.0, 140.0, 138.0, 121.0, 86.0, 81.0, 85.0, 7.0, 77.0, 79.0, 83.0, 61.0]","[1.0, 15.0, 20.0, 2.0, 2.0, 3.0, 2.0, 4.0, 6.0, 1.0, 1.0, 41.0, 1.0, 4.0, 21.0, 3.0, 1.0, 2.0, 5.0, 3.0, 1.0]"
1,-0.5167606472969055,0.6418797969818115,"[133.0, 144.0, 131.0, 92.0, 136.0, 138.0, 112.0, 91.0, 140.0, 143.0, 142.0, 147.0, 114.0, 139.0, 134.0, 146.0, 135.0, 137.0, 141.0, 85.0, 83.0, 128.0, 1.0, 80.0, 86.0, 79.0, 88.0, 87.0, 37.0]","[2.0, 1.0, 2.0, 4.0, 15.0, 10.0, 1.0, 57.0, 14.0, 7.0, 1.0, 4.0, 1.0, 4.0, 5.0, 12.0, 1.0, 1.0, 1.0, 1.0, 6.0, 1.0, 1.0, 8.0, 3.0, 5.0, 6.0, 3.0, 19.0]"
1,-0.8111227750778198,0.2369697093963623,"[131.0, 137.0, 138.0, 105.0, 117.0, 140.0, 136.0, 110.0, 135.0, 122.0, 147.0, 79.0, 83.0, 30.0, 81.0, 14.0, 84.0, 88.0, 7.0]","[8.0, 5.0, 3.0, 1.0, 1.0, 2.0, 1.0, 5.0, 1.0, 2.0, 2.0, 29.0, 4.0, 1.0, 12.0, 1.0, 1.0, 15.0, 1.0]"
1,-0.38498854637145996,0.8399611711502075,"[140.0, 126.0, 141.0, 143.0, 108.0, 137.0, 87.0, 89.0, 1.0, 53.0, 73.0]","[1.0, 1.0, 1.0, 4.0, 14.0, 1.0, 26.0, 57.0, 1.0, 1.0, 2.0]"
1,-0.33884838223457336,0.6137577295303345,"[110.0, 144.0, 131.0, 139.0, 80.0, 78.0, 77.0, 88.0, 7.0, 29.0, 89.0, 68.0, 37.0, 45.0]","[21.0, 1.0, 4.0, 1.0, 34.0, 14.0, 6.0, 3.0, 23.0, 1.0, 4.0, 42.0, 1.0, 41.0]"
1,-0.1114286333322525,-0.3723571300506592,"[116.0, 119.0, 98.0, 96.0, 118.0, 100.0, 101.0, 148.0, 115.0, 102.0, 94.0, 103.0, 124.0, 120.0, 126.0, 99.0, 117.0, 150.0, 84.0, 19.0]","[3.0, 2.0, 6.0, 3.0, 4.0, 2.0, 118.0, 1.0, 1.0, 1.0, 283.0, 7.0, 1.0, 1.0, 1.0, 1.0, 1.0, 13.0, 2.0, 1.0]"
1,-0.05538332834839821,-0.24280788004398346,"[126.0, 154.0, 167.0, 117.0, 152.0, 160.0, 168.0, 175.0, 158.0, 153.0, 98.0, 109.0, 114.0, 96.0, 104.0, 95.0, 112.0, 107.0, 143.0, 125.0, 128.0, 100.0, 115.0, 120.0, 118.0, 137.0, 150.0, 103.0, 122.0, 129.0, 119.0, 124.0, 163.0, 105.0, 102.0, 121.0, 149.0, 99.0, 176.0, 127.0, 135.0, 63.0, 19.0, 54.0, 38.0, 67.0, 93.0, 55.0, 18.0, 35.0, 28.0, 32.0, 84.0, 75.0, 17.0, 13.0]","[2.0, 71.0, 25.0, 3.0, 8.0, 3.0, 6.0, 32.0, 1.0, 1.0, 11.0, 5.0, 3.0, 2.0, 38.0, 238.0, 20.0, 31.0, 1.0, 4.0, 4.0, 208.0, 6.0, 3.0, 3.0, 1.0, 1.0, 12.0, 1.0, 1.0, 10.0, 1.0, 1.0, 5.0, 1.0, 34.0, 1.0, 1.0, 1.0, 2.0, 1.0, 63.0, 42.0, 1.0, 1.0, 9.0, 283.0, 1.0, 2.0, 5.0, 1.0, 1.0, 1.0, 6.0, 5.0, 1.0]"
1,-0.15113908052444458,-0.12762849032878876,"[98.0, 102.0, 114.0, 128.0, 112.0, 113.0, 100.0, 105.0, 106.0, 103.0, 118.0, 126.0, 101.0, 119.0, 111.0, 127.0, 122.0, 135.0, 96.0, 146.0, 148.0, 124.0, 77.0, 47.0, 68.0, 52.0, 78.0, 1.0, 86.0, 67.0, 84.0, 29.0, 45.0, 62.0, 94.0]","[43.0, 392.0, 4.0, 37.0, 3.0, 3.0, 189.0, 18.0, 1.0, 18.0, 4.0, 1.0, 3.0, 11.0, 2.0, 4.0, 1.0, 2.0, 99.0, 1.0, 1.0, 1.0, 1.0, 7.0, 1.0, 11.0, 3.0, 15.0, 1.0, 21.0, 1.0, 1.0, 1.0, 1.0, 238.0]"
1,-0.28763118386268616,-0.20917081832885742,"[114.0, 124.0, 128.0, 100.0, 102.0, 98.0, 118.0, 104.0, 99.0, 103.0, 113.0, 115.0, 84.0, 94.0, 93.0, 77.0, 28.0, 95.0, 11.0, 80.0, 50.0, 47.0, 57.0, 67.0, 51.0]","[8.0, 3.0, 3.0, 26.0, 54.0, 12.0, 16.0, 2.0, 1.0, 215.0, 4.0, 1.0, 1.0, 2.0, 3.0, 1.0, 3.0, 99.0, 1.0, 1.0, 2.0, 1.0, 3.0, 3.0, 1.0]"
1,0.6049977540969849,0.538011372089386,"[113.0, 98.0, 100.0]","[1.0, 1.0, 1.0]"
1,-0.24081774055957794,-0.2769545018672943,"[102.0, 109.0, 122.0, 114.0, 106.0, 127.0, 124.0, 128.0, 113.0, 100.0, 103.0, 119.0, 99.0, 111.0, 118.0, 108.0, 112.0, 95.0, 97.0, 93.0, 84.0, 94.0, 80.0, 96.0]","[62.0, 1.0, 1.0, 8.0, 1.0, 2.0, 1.0, 7.0, 2.0, 31.0, 8.0, 6.0, 7.0, 1.0, 2.0, 1.0, 3.0, 43.0, 1.0, 6.0, 1.0, 11.0, 1.0, 12.0]"
1,-0.5104617476463318,-0.0087150102481246,"[123.0, 129.0, 119.0, 103.0, 114.0, 111.0, 122.0, 127.0, 126.0, 100.0, 131.0, 137.0, 121.0, 143.0, 108.0, 30.0, 84.0, 96.0, 4.0, 93.0, 98.0, 94.0, 28.0]","[15.0, 1.0, 108.0, 1.0, 1.0, 14.0, 12.0, 193.0, 14.0, 1.0, 1.0, 1.0, 1.0, 7.0, 1.0, 1.0, 37.0, 1.0, 1.0, 1.0, 7.0, 1.0, 1.0]"
1,-0.19250518083572388,-0.2061907947063446,"[102.0, 113.0, 105.0, 103.0, 120.0, 119.0, 115.0, 122.0, 111.0, 114.0, 148.0, 146.0, 143.0, 127.0, 13.0, 98.0, 93.0, 99.0, 97.0, 53.0, 50.0, 78.0, 96.0, 94.0, 95.0]","[614.0, 5.0, 4.0, 61.0, 1.0, 26.0, 1.0, 1.0, 2.0, 9.0, 1.0, 1.0, 1.0, 1.0, 1.0, 31.0, 2.0, 1.0, 1.0, 1.0, 5.0, 4.0, 26.0, 208.0, 189.0]"
1,-0.19419056177139282,-0.5124852657318115,"[119.0, 127.0, 102.0, 103.0, 95.0, 93.0, 7.0]","[3.0, 2.0, 1.0, 5.0, 3.0, 118.0, 1.0]"
1,-0.24551156163215637,-0.14612582325935364,"[114.0, 119.0, 103.0, 104.0, 115.0, 128.0, 122.0, 111.0, 105.0, 127.0, 143.0, 113.0, 137.0, 146.0, 147.0, 136.0, 135.0, 108.0, 100.0, 94.0, 98.0, 95.0, 96.0, 78.0, 80.0, 81.0, 67.0, 53.0, 47.0, 62.0, 93.0, 0.0, 71.0, 101.0]","[24.0, 73.0, 89.0, 1.0, 3.0, 1.0, 5.0, 4.0, 2.0, 1.0, 1.0, 4.0, 1.0, 1.0, 1.0, 1.0, 1.0, 1.0, 614.0, 1.0, 62.0, 392.0, 54.0, 1.0, 1.0, 1.0, 12.0, 2.0, 3.0, 1.0, 1.0, 1.0, 1.0, 1.0]"
1,-0.35935449600219727,-0.23820334672927856,"[115.0, 119.0, 106.0, 126.0, 117.0, 129.0, 124.0, 111.0, 148.0, 137.0, 108.0, 113.0, 142.0, 122.0, 114.0, 127.0, 121.0, 125.0, 104.0, 143.0, 99.0, 82.0, 102.0, 76.0, 93.0, 98.0, 95.0, 96.0, 50.0, 47.0, 70.0, 62.0, 101.0, 84.0, 100.0, 94.0, 44.0]","[5.0, 97.0, 297.0, 1.0, 1.0, 7.0, 1.0, 14.0, 1.0, 1.0, 1.0, 1.0, 1.0, 15.0, 4.0, 1.0, 3.0, 1.0, 3.0, 1.0, 1.0, 3.0, 89.0, 1.0, 7.0, 8.0, 18.0, 215.0, 1.0, 1.0, 1.0, 1.0, 5.0, 3.0, 61.0, 12.0, 1.0]"
1,-0.09733011573553085,0.0019545487593859434,"[112.0, 105.0, 114.0, 120.0, 113.0, 115.0, 127.0, 124.0, 122.0, 119.0, 126.0, 125.0, 60.0, 25.0, 42.0, 94.0, 49.0, 84.0, 102.0, 96.0, 70.0, 62.0, 103.0]","[180.0, 41.0, 4.0, 1.0, 8.0, 12.0, 2.0, 1.0, 2.0, 10.0, 1.0, 1.0, 10.0, 1.0, 2.0, 38.0, 1.0, 38.0, 1.0, 2.0, 11.0, 14.0, 3.0]"
1,-0.08175013214349747,-0.13881807029247284,"[109.0, 110.0, 122.0, 115.0, 129.0, 169.0, 126.0, 113.0, 120.0, 114.0, 119.0, 112.0, 127.0, 125.0, 137.0, 121.0, 55.0, 100.0, 54.0, 104.0, 77.0, 102.0, 82.0, 50.0, 90.0, 84.0, 87.0, 80.0, 94.0, 78.0, 95.0]","[31.0, 5.0, 3.0, 11.0, 2.0, 3.0, 3.0, 5.0, 1.0, 8.0, 13.0, 9.0, 5.0, 1.0, 1.0, 2.0, 32.0, 4.0, 5.0, 41.0, 13.0, 2.0, 1.0, 1.0, 1.0, 10.0, 1.0, 2.0, 5.0, 4.0, 18.0]"
1,-0.4629969298839569,-0.31534507870674133,"[119.0, 123.0, 114.0, 82.0, 98.0, 95.0, 103.0, 57.0, 84.0]","[5.0, 4.0, 1.0, 215.0, 1.0, 1.0, 297.0, 1.0, 8.0]"
1,-0.22205066680908203,-0.644410252571106,"[109.0, 112.0, 115.0, 94.0]","[3.0, 3.0, 1.0, 31.0]"
1,-0.07207627594470978,0.7237598896026611,"[169.0, 135.0, 110.0, 87.0, 23.0, 70.0, 91.0, 53.0, 25.0, 103.0, 47.0, 98.0, 62.0, 14.0, 16.0, 77.0, 99.0, 40.0, 7.0, 52.0, 30.0, 60.0, 102.0]","[2.0, 1.0, 2.0, 153.0, 2.0, 2.0, 14.0, 21.0, 12.0, 1.0, 3.0, 1.0, 2.0, 2.0, 17.0, 1.0, 1.0, 3.0, 1.0, 1.0, 1.0, 2.0, 1.0]"
1,-0.2933071553707123,-0.4660118520259857,"[156.0, 167.0, 113.0, 117.0, 94.0, 107.0, 105.0, 98.0, 82.0]","[2.0, 1.0, 4.0, 459.0, 5.0, 3.0, 31.0, 1.0, 2.0]"
1,-0.43656134605407715,0.4196070432662964,"[126.0, 143.0, 145.0, 130.0, 131.0, 133.0, 146.0, 139.0, 135.0, 88.0, 80.0, 87.0, 1.0, 90.0, 13.0, 105.0, 92.0, 85.0, 53.0, 77.0, 108.0, 38.0]","[1.0, 1.0, 3.0, 1.0, 1.0, 2.0, 1.0, 1.0, 7.0, 2.0, 23.0, 7.0, 2.0, 5.0, 1.0, 5.0, 21.0, 2.0, 1.0, 89.0, 2.0, 1.0]"
1,-0.41057223081588745,-0.10378498584032059,"[115.0, 116.0, 113.0, 126.0, 122.0, 117.0, 114.0, 119.0, 120.0, 129.0, 125.0, 165.0, 152.0, 127.0, 118.0, 112.0, 143.0, 124.0, 30.0, 17.0, 95.0, 98.0, 103.0, 82.0, 99.0, 102.0, 100.0]","[17.0, 6.0, 59.0, 8.0, 54.0, 1.0, 5.0, 226.0, 69.0, 1.0, 3.0, 2.0, 1.0, 2.0, 1.0, 5.0, 1.0, 1.0, 8.0, 1.0, 2.0, 1.0, 14.0, 1.0, 14.0, 4.0, 2.0]"
1,-0.14147250354290009,-0.05834753066301346,"[114.0, 127.0, 125.0, 113.0, 115.0, 167.0, 153.0, 117.0, 132.0, 118.0, 158.0, 126.0, 119.0, 120.0, 70.0, 94.0, 105.0, 107.0, 95.0, 84.0, 98.0, 104.0, 89.0, 82.0, 111.0]","[15.0, 1.0, 1.0, 7.0, 19.0, 1.0, 4.0, 3.0, 1.0, 2.0, 1.0, 1.0, 2.0, 1.0, 1.0, 20.0, 9.0, 3.0, 3.0, 69.0, 3.0, 180.0, 1.0, 2.0, 5.0]"
1,-0.29029983282089233,-0.027587495744228363,"[129.0, 115.0, 122.0, 114.0, 120.0, 128.0, 119.0, 118.0, 145.0, 139.0, 124.0, 121.0, 125.0, 28.0, 84.0, 98.0, 97.0, 100.0, 105.0, 88.0, 111.0, 60.0, 76.0, 35.0, 109.0, 82.0, 104.0, 96.0, 102.0, 103.0, 49.0, 112.0, 95.0, 78.0]","[1.0, 59.0, 3.0, 51.0, 24.0, 1.0, 3.0, 3.0, 1.0, 1.0, 1.0, 29.0, 1.0, 1.0, 3.0, 2.0, 1.0, 5.0, 5.0, 4.0, 59.0, 1.0, 1.0, 1.0, 4.0, 2.0, 8.0, 4.0, 4.0, 1.0, 13.0, 7.0, 3.0, 4.0]"
1,-0.3030087649822235,0.05046582221984863,"[128.0, 124.0, 117.0, 145.0, 115.0, 118.0, 135.0, 138.0, 122.0, 119.0, 127.0, 95.0, 77.0, 111.0, 113.0, 98.0, 84.0, 99.0, 105.0, 83.0, 89.0, 96.0, 1.0, 106.0, 82.0, 94.0, 52.0, 100.0, 104.0, 112.0, 42.0, 28.0, 103.0, 0.0, 102.0]","[18.0, 49.0, 15.0, 1.0, 2.0, 6.0, 14.0, 1.0, 1.0, 6.0, 1.0, 4.0, 2.0, 5.0, 51.0, 8.0, 7.0, 1.0, 8.0, 1.0, 1.0, 8.0, 3.0, 1.0, 7.0, 3.0, 1.0, 9.0, 4.0, 15.0, 1.0, 38.0, 4.0, 22.0, 24.0]"
1,-0.41568589210510254,-0.1877385675907135,"[129.0, 125.0, 126.0, 119.0, 122.0, 153.0, 124.0, 121.0, 127.0, 117.0, 143.0, 103.0, 105.0, 104.0, 84.0, 102.0, 100.0, 82.0, 113.0, 111.0, 114.0, 93.0, 107.0, 11.0, 96.0, 57.0, 112.0, 94.0, 26.0, 76.0]","[56.0, 2.0, 3.0, 8.0, 6.0, 1.0, 1.0, 6.0, 14.0, 3.0, 1.0, 5.0, 11.0, 12.0, 4.0, 3.0, 1.0, 1.0, 59.0, 17.0, 2.0, 1.0, 1.0, 1.0, 1.0, 3.0, 19.0, 6.0, 1.0, 1.0]"
1,-0.632793128490448,-0.7230421304702759,"[111.0, 93.0]","[6.0, 3.0]"
1,-0.2553117871284485,-0.39929816126823425,"[154.0, 160.0, 152.0, 168.0, 125.0, 119.0, 121.0, 127.0, 109.0, 32.0, 103.0, 111.0, 90.0, 82.0, 84.0, 112.0, 75.0, 114.0, 94.0, 115.0, 93.0]","[2.0, 9.0, 3.0, 2.0, 1.0, 1.0, 1.0, 5.0, 459.0, 4.0, 1.0, 1.0, 1.0, 1.0, 3.0, 3.0, 1.0, 15.0, 3.0, 3.0, 1.0]"
1,-0.28041285276412964,0.12806221842765808,"[128.0, 124.0, 135.0, 148.0, 119.0, 122.0, 126.0, 125.0, 141.0, 113.0, 28.0, 95.0, 0.0, 21.0, 1.0, 40.0, 7.0, 93.0, 98.0, 74.0, 114.0, 112.0, 11.0, 29.0, 111.0, 94.0, 61.0, 96.0]","[28.0, 80.0, 17.0, 1.0, 7.0, 6.0, 1.0, 1.0, 2.0, 3.0, 29.0, 4.0, 20.0, 1.0, 1.0, 1.0, 2.0, 4.0, 2.0, 1.0, 6.0, 2.0, 2.0, 1.0, 1.0, 3.0, 2.0, 16.0]"
1,-0.3648839294910431,-0.023008689284324646,"[122.0, 123.0, 125.0, 120.0, 126.0, 127.0, 131.0, 137.0, 143.0, 142.0, 121.0, 129.0, 111.0, 106.0, 50.0, 113.0, 117.0, 99.0, 118.0, 102.0, 105.0, 95.0, 93.0, 115.0, 94.0, 87.0, 103.0, 101.0, 30.0, 62.0, 60.0, 100.0, 84.0, 71.0, 42.0, 70.0, 21.0, 16.0, 57.0, 98.0, 82.0, 114.0, 76.0, 104.0, 4.0, 80.0, 112.0]","[617.0, 4.0, 3.0, 6.0, 7.0, 57.0, 1.0, 1.0, 13.0, 2.0, 99.0, 14.0, 226.0, 5.0, 1.0, 3.0, 1.0, 108.0, 7.0, 73.0, 13.0, 11.0, 2.0, 8.0, 10.0, 1.0, 97.0, 3.0, 32.0, 17.0, 17.0, 26.0, 27.0, 12.0, 1.0, 12.0, 5.0, 2.0, 20.0, 6.0, 157.0, 6.0, 1.0, 10.0, 1.0, 2.0, 2.0]"
1,-0.21121077239513397,-0.08273837715387344,"[121.0, 173.0, 113.0, 94.0, 17.0, 100.0, 111.0, 119.0, 105.0, 104.0, 75.0, 76.0, 93.0, 84.0, 32.0, 112.0, 70.0]","[150.0, 1.0, 24.0, 3.0, 6.0, 1.0, 69.0, 6.0, 1.0, 1.0, 17.0, 1.0, 1.0, 2.0, 3.0, 1.0, 1.0]"
1,-0.20330634713172913,-0.012731795199215412,"[125.0, 122.0, 146.0, 126.0, 117.0, 120.0, 99.0, 94.0, 113.0, 1.0, 88.0, 105.0, 119.0, 103.0, 5.0, 115.0, 75.0, 32.0, 9.0]","[2.0, 2.0, 1.0, 2.0, 1.0, 150.0, 1.0, 34.0, 29.0, 1.0, 1.0, 2.0, 99.0, 3.0, 1.0, 6.0, 2.0, 3.0, 2.0]"
1,-0.44380632042884827,0.021822448819875717,"[126.0, 142.0, 131.0, 123.0, 125.0, 129.0, 143.0, 137.0, 146.0, 119.0, 82.0, 30.0, 111.0, 100.0, 94.0, 50.0, 102.0, 69.0, 99.0, 84.0, 118.0, 115.0, 95.0, 105.0, 121.0, 113.0, 57.0, 98.0, 81.0, 103.0, 104.0, 114.0, 29.0, 24.0, 90.0]","[44.0, 4.0, 2.0, 2.0, 6.0, 2.0, 25.0, 1.0, 21.0, 617.0, 20.0, 15.0, 54.0, 1.0, 1.0, 1.0, 5.0, 1.0, 12.0, 2.0, 6.0, 6.0, 1.0, 3.0, 2.0, 3.0, 4.0, 1.0, 7.0, 15.0, 2.0, 1.0, 1.0, 1.0, 2.0]"
1,-0.7985033988952637,-0.17441077530384064,"[122.0, 119.0, 99.0, 106.0, 82.0]","[2.0, 4.0, 15.0, 4.0, 17.0]"
1,-0.35364508628845215,0.19331014156341553,"[128.0, 144.0, 131.0, 135.0, 129.0, 141.0, 126.0, 25.0, 98.0, 0.0, 118.0, 28.0, 84.0, 11.0, 94.0, 114.0, 103.0, 113.0, 115.0, 104.0, 93.0, 47.0, 46.0, 70.0, 7.0, 96.0, 111.0, 95.0, 68.0]","[31.0, 1.0, 1.0, 8.0, 3.0, 1.0, 1.0, 1.0, 1.0, 42.0, 80.0, 67.0, 1.0, 1.0, 1.0, 49.0, 1.0, 1.0, 1.0, 1.0, 1.0, 1.0, 1.0, 1.0, 1.0, 3.0, 1.0, 1.0, 2.0]"
1,-0.574626088142395,-0.28342193365097046,"[126.0, 129.0, 127.0, 57.0, 50.0, 115.0, 28.0, 94.0, 112.0, 121.0, 117.0, 84.0, 82.0, 122.0, 119.0, 111.0, 105.0, 104.0, 118.0, 103.0, 113.0]","[153.0, 160.0, 1.0, 7.0, 189.0, 2.0, 2.0, 4.0, 1.0, 2.0, 1.0, 1.0, 8.0, 6.0, 3.0, 3.0, 1.0, 1.0, 1.0, 1.0, 1.0]"
1,-0.5546633005142212,-0.12913033366203308,"[129.0, 142.0, 143.0, 127.0, 125.0, 110.0, 111.0, 91.0, 30.0, 50.0, 78.0, 105.0, 95.0, 115.0, 82.0, 103.0, 119.0, 99.0, 7.0, 118.0, 25.0, 43.0, 122.0, 94.0, 121.0, 104.0, 112.0, 93.0, 57.0, 124.0]","[19.0, 2.0, 1.0, 4.0, 153.0, 1.0, 8.0, 1.0, 1.0, 3.0, 1.0, 3.0, 1.0, 3.0, 6.0, 1.0, 7.0, 14.0, 1.0, 1.0, 1.0, 2.0, 44.0, 2.0, 2.0, 1.0, 1.0, 1.0, 3.0, 1.0]"
1,-0.37562185525894165,0.08289452642202377,"[131.0, 141.0, 137.0, 146.0, 143.0, 142.0, 129.0, 174.0, 71.0, 30.0, 125.0, 112.0, 29.0, 99.0, 50.0, 62.0, 60.0, 52.0, 42.0, 86.0, 82.0, 98.0, 111.0, 0.0, 61.0, 105.0, 84.0, 21.0, 101.0, 81.0, 102.0, 126.0, 70.0, 104.0, 119.0, 103.0, 117.0, 14.0, 100.0, 115.0, 95.0, 94.0, 85.0, 114.0]","[1.0, 1.0, 1.0, 1.0, 11.0, 3.0, 1.0, 2.0, 3.0, 19.0, 1.0, 1.0, 1.0, 193.0, 1.0, 9.0, 7.0, 1.0, 26.0, 1.0, 3.0, 2.0, 2.0, 1.0, 1.0, 5.0, 4.0, 2.0, 2.0, 1.0, 1.0, 4.0, 3.0, 2.0, 57.0, 1.0, 5.0, 1.0, 1.0, 14.0, 4.0, 2.0, 1.0, 1.0]"
1,-0.18650418519973755,0.11601661145687103,"[89.0, 141.0, 114.0, 28.0, 79.0, 96.0, 95.0, 94.0, 98.0, 32.0, 118.0, 113.0, 0.0, 102.0, 7.0, 124.0, 29.0, 68.0]","[1.0, 1.0, 18.0, 95.0, 1.0, 3.0, 37.0, 4.0, 7.0, 1.0, 28.0, 1.0, 8.0, 1.0, 4.0, 31.0, 3.0, 2.0]"
1,-0.6270927786827087,-0.20896679162979126,"[138.0, 126.0, 113.0, 82.0, 57.0, 125.0, 105.0, 84.0, 50.0, 99.0, 94.0, 111.0, 122.0, 103.0, 124.0, 119.0, 127.0, 115.0]","[1.0, 19.0, 1.0, 10.0, 105.0, 160.0, 2.0, 2.0, 8.0, 1.0, 1.0, 1.0, 2.0, 7.0, 3.0, 14.0, 1.0, 56.0]"
1,-1.0,0.6619441509246826,"[133.0, 145.0, 143.0, 131.0, 140.0, 135.0, 146.0, 80.0, 110.0, 85.0]","[5.0, 2.0, 1.0, 1.0, 1.0, 1.0, 7.0, 2.0, 1.0, 1.0]"
1,-0.591555655002594,0.37121275067329407,"[141.0, 147.0, 146.0, 137.0, 133.0, 145.0, 138.0, 144.0, 155.0, 136.0, 148.0, 142.0, 89.0, 79.0, 83.0, 90.0, 88.0, 122.0, 30.0, 124.0, 77.0, 86.0, 71.0, 130.0, 110.0, 127.0, 81.0, 119.0, 99.0, 85.0, 92.0, 80.0, 56.0]","[8.0, 3.0, 31.0, 343.0, 1.0, 1.0, 1.0, 1.0, 1.0, 1.0, 4.0, 2.0, 2.0, 3.0, 52.0, 8.0, 20.0, 2.0, 1.0, 1.0, 2.0, 31.0, 2.0, 1.0, 1.0, 1.0, 31.0, 1.0, 1.0, 2.0, 4.0, 1.0, 1.0]"
1,-0.8649293184280396,0.8193286657333374,"[147.0, 148.0, 145.0, 141.0, 80.0, 85.0, 112.0, 37.0]","[3.0, 1.0, 1.0, 1.0, 10.0, 4.0, 1.0, 1.0]"
1,-0.7277531027793884,0.8919362425804138,"[136.0, 146.0, 143.0, 140.0, 139.0, 144.0, 138.0, 88.0, 80.0, 89.0, 131.0, 130.0, 110.0]","[160.0, 1.0, 1.0, 32.0, 12.0, 4.0, 1.0, 1.0, 1.0, 2.0, 1.0, 5.0, 2.0]"
1,-0.582257866859436,1.0,"[139.0, 138.0, 136.0, 140.0, 169.0, 89.0]","[3.0, 6.0, 14.0, 3.0, 1.0, 5.0]"
1,-0.4669143557548523,0.19731277227401733,"[136.0, 138.0, 139.0, 137.0, 146.0, 143.0, 162.0, 141.0, 163.0, 124.0, 90.0, 89.0, 53.0, 83.0, 102.0, 81.0, 110.0, 80.0, 1.0, 108.0, 87.0, 130.0, 86.0, 0.0, 114.0, 95.0, 118.0, 94.0]","[2.0, 1.0, 2.0, 1.0, 17.0, 3.0, 1.0, 1.0, 1.0, 8.0, 1.0, 1.0, 1.0, 2.0, 1.0, 1.0, 7.0, 6.0, 1.0, 1.0, 1.0, 1.0, 3.0, 11.0, 14.0, 2.0, 17.0, 1.0]"
1,-0.6380256414413452,0.822709321975708,"[144.0, 139.0, 145.0, 148.0, 140.0, 146.0, 135.0, 88.0, 133.0, 131.0, 89.0, 90.0, 85.0, 134.0, 102.0, 79.0, 4.0]","[3.0, 1.0, 2.0, 5.0, 4.0, 1.0, 2.0, 1.0, 160.0, 1.0, 15.0, 1.0, 3.0, 14.0, 1.0, 2.0, 1.0]"
1,-0.4935893714427948,0.3042369782924652,"[141.0, 148.0, 145.0, 144.0, 140.0, 146.0, 142.0, 164.0, 173.0, 138.0, 155.0, 94.0, 75.0, 83.0, 90.0, 127.0, 119.0, 99.0, 86.0, 131.0, 103.0, 122.0, 102.0, 105.0, 88.0, 85.0, 89.0, 135.0, 91.0, 79.0, 32.0]","[8.0, 3.0, 4.0, 1.0, 1.0, 18.0, 1.0, 1.0, 1.0, 1.0, 2.0, 1.0, 4.0, 9.0, 5.0, 1.0, 1.0, 1.0, 29.0, 343.0, 1.0, 1.0, 1.0, 1.0, 2.0, 11.0, 1.0, 1.0, 1.0, 29.0, 6.0]"
1,-0.7312327027320862,0.6096106767654419,"[140.0, 145.0, 142.0, 144.0, 171.0, 85.0, 90.0, 131.0, 77.0, 133.0, 80.0, 89.0, 88.0, 86.0, 134.0, 114.0, 135.0, 79.0, 137.0, 129.0]","[103.0, 11.0, 1.0, 1.0, 1.0, 2.0, 3.0, 1.0, 2.0, 1.0, 1.0, 10.0, 41.0, 1.0, 6.0, 1.0, 1.0, 4.0, 1.0, 1.0]"
1,-0.616492748260498,0.6121543645858765,"[140.0, 142.0, 147.0, 144.0, 145.0, 141.0, 133.0, 80.0, 85.0, 136.0, 134.0, 72.0, 89.0, 135.0, 113.0, 92.0, 110.0]","[1.0, 5.0, 1.0, 5.0, 15.0, 4.0, 12.0, 144.0, 12.0, 1.0, 3.0, 1.0, 4.0, 2.0, 1.0, 1.0, 1.0]"
1,-0.7662186622619629,0.7433854937553406,"[143.0, 148.0, 142.0, 146.0, 141.0, 79.0, 89.0, 90.0, 138.0, 136.0, 137.0, 91.0, 88.0, 130.0, 139.0, 134.0, 133.0, 80.0]","[2.0, 1.0, 1.0, 1.0, 1.0, 1.0, 14.0, 2.0, 103.0, 4.0, 1.0, 1.0, 1.0, 1.0, 1.0, 3.0, 32.0, 2.0]"
1,-0.40625256299972534,0.6488632559776306,"[144.0, 142.0, 146.0, 148.0, 84.0, 68.0, 91.0, 131.0, 86.0, 46.0, 41.0, 61.0, 139.0, 137.0, 7.0, 44.0, 127.0, 128.0, 29.0, 24.0, 89.0, 132.0, 118.0, 124.0, 87.0, 135.0, 140.0, 22.0]","[29.0, 3.0, 10.0, 109.0, 1.0, 8.0, 1.0, 8.0, 97.0, 3.0, 3.0, 9.0, 4.0, 8.0, 6.0, 6.0, 1.0, 1.0, 1.0, 1.0, 1.0, 1.0, 2.0, 1.0, 1.0, 1.0, 1.0, 1.0]"
1,-0.6388029456138611,0.2327844202518463,"[146.0, 145.0, 147.0, 148.0, 143.0, 30.0, 139.0, 126.0, 141.0, 61.0, 60.0, 42.0, 122.0, 33.0, 138.0, 89.0, 140.0, 71.0, 127.0, 119.0, 81.0, 137.0, 131.0, 103.0]","[8.0, 1.0, 15.0, 2.0, 23.0, 6.0, 5.0, 2.0, 3.0, 1.0, 2.0, 1.0, 4.0, 1.0, 1.0, 1.0, 1.0, 2.0, 3.0, 2.0, 1.0, 1.0, 2.0, 1.0]"
1,-0.5402297377586365,0.2565053105354309,"[146.0, 147.0, 148.0, 140.0, 91.0, 61.0, 60.0, 94.0, 42.0, 142.0, 110.0, 80.0, 130.0, 89.0, 30.0, 119.0, 127.0, 86.0, 62.0, 126.0, 122.0, 102.0, 71.0, 81.0, 100.0, 21.0, 115.0, 133.0, 135.0, 99.0, 111.0, 103.0]","[34.0, 3.0, 1.0, 2.0, 4.0, 1.0, 4.0, 1.0, 1.0, 23.0, 1.0, 54.0, 1.0, 7.0, 8.0, 13.0, 11.0, 2.0, 2.0, 1.0, 25.0, 1.0, 2.0, 7.0, 1.0, 2.0, 1.0, 1.0, 3.0, 7.0, 1.0, 1.0]"
1,-0.30430397391319275,0.7863598465919495,"[146.0, 145.0, 148.0, 141.0, 124.0, 136.0, 139.0, 29.0, 47.0, 89.0, 46.0, 133.0, 137.0, 131.0, 70.0, 138.0, 92.0]","[2.0, 1.0, 8.0, 29.0, 1.0, 3.0, 5.0, 10.0, 7.0, 1.0, 15.0, 4.0, 1.0, 1.0, 1.0, 1.0, 1.0]"
1,-0.8393763303756714,0.5131911039352417,"[147.0, 176.0, 110.0, 85.0, 139.0, 144.0, 138.0, 81.0, 136.0, 137.0, 131.0, 88.0, 130.0, 114.0, 113.0, 132.0, 79.0, 142.0]","[1.0, 1.0, 3.0, 162.0, 15.0, 1.0, 11.0, 1.0, 2.0, 4.0, 1.0, 2.0, 2.0, 1.0, 1.0, 1.0, 1.0, 1.0]"
1,-0.5257622003555298,0.402463436126709,"[148.0, 147.0, 143.0, 142.0, 71.0, 141.0, 131.0, 137.0, 67.0, 86.0, 136.0, 127.0, 62.0, 89.0, 122.0, 30.0, 81.0, 53.0, 100.0, 121.0, 102.0, 95.0, 144.0, 37.0, 133.0, 110.0, 140.0, 40.0, 21.0, 135.0, 130.0, 85.0, 27.0, 44.0]","[3.0, 1.0, 34.0, 8.0, 5.0, 10.0, 31.0, 18.0, 1.0, 34.0, 1.0, 1.0, 1.0, 12.0, 21.0, 6.0, 14.0, 1.0, 1.0, 1.0, 1.0, 1.0, 2.0, 2.0, 1.0, 1.0, 1.0, 1.0, 1.0, 17.0, 7.0, 1.0, 1.0, 1.0]"
1,-0.8821852803230286,0.38736942410469055,"[139.0, 142.0, 131.0, 145.0, 86.0, 143.0, 89.0, 132.0, 102.0, 83.0, 146.0, 80.0, 81.0, 90.0]","[1.0, 15.0, 3.0, 1.0, 1.0, 3.0, 4.0, 3.0, 1.0, 3.0, 1.0, 17.0, 6.0, 2.0]"
1,-0.47406500577926636,0.7214378714561462,"[86.0, 61.0, 73.0, 142.0, 141.0, 144.0, 137.0, 84.0, 118.0, 136.0, 71.0, 140.0, 131.0, 132.0, 93.0, 103.0, 100.0, 95.0, 146.0, 143.0, 81.0]","[18.0, 1.0, 1.0, 2.0, 109.0, 8.0, 3.0, 1.0, 1.0, 5.0, 2.0, 1.0, 4.0, 1.0, 1.0, 1.0, 1.0, 1.0, 3.0, 1.0, 2.0]"
1,0.30091479420661926,-0.6807963252067566,"[155.0, 157.0, 158.0, 172.0, 165.0, 160.0, 150.0, 168.0, 163.0, 164.0, 162.0, 159.0, 161.0, 173.0, 176.0, 179.0, 154.0, 175.0, 177.0, 174.0, 151.0, 178.0, 152.0, 48.0, 15.0, 54.0, 13.0, 9.0, 55.0, 64.0, 32.0, 63.0, 94.0, 19.0, 31.0, 38.0]","[4.0, 313.0, 34.0, 71.0, 13.0, 2.0, 48.0, 4.0, 17.0, 142.0, 11.0, 5.0, 11.0, 38.0, 1.0, 5.0, 3.0, 1.0, 2.0, 4.0, 1.0, 9.0, 1.0, 2.0, 3.0, 1.0, 1.0, 1.0, 1.0, 6.0, 1.0, 1.0, 1.0, 1.0, 1.0, 1.0]"
1,0.3895457088947296,-0.534379243850708,"[164.0, 171.0, 151.0, 155.0, 168.0, 158.0, 172.0, 162.0, 157.0, 169.0, 154.0, 163.0, 167.0, 178.0, 165.0, 153.0, 174.0, 179.0, 173.0, 56.0, 18.0, 69.0, 94.0, 55.0, 39.0, 58.0, 149.0, 93.0]","[134.0, 76.0, 2.0, 23.0, 1.0, 4.0, 12.0, 37.0, 5.0, 21.0, 4.0, 7.0, 1.0, 2.0, 2.0, 2.0, 2.0, 4.0, 7.0, 13.0, 15.0, 9.0, 1.0, 1.0, 35.0, 13.0, 48.0, 13.0]"
1,0.38825279474258423,-0.6101149320602417,"[164.0, 154.0, 177.0, 155.0, 169.0, 167.0, 174.0, 156.0, 172.0, 171.0, 158.0, 163.0, 178.0, 153.0, 165.0, 160.0, 173.0, 176.0, 166.0, 179.0, 175.0, 157.0, 66.0, 56.0, 58.0, 149.0, 18.0, 55.0, 150.0, 69.0, 30.0, 75.0]","[47.0, 2.0, 2.0, 51.0, 34.0, 1.0, 9.0, 2.0, 4.0, 4.0, 5.0, 8.0, 32.0, 2.0, 2.0, 2.0, 2.0, 8.0, 1.0, 1.0, 3.0, 1.0, 1.0, 2.0, 1.0, 1.0, 3.0, 11.0, 2.0, 1.0, 1.0, 1.0]"
1,0.2383536547422409,-0.35858580470085144,"[168.0, 165.0, 160.0, 154.0, 164.0, 155.0, 158.0, 174.0, 163.0, 177.0, 167.0, 166.0, 172.0, 170.0, 175.0, 171.0, 26.0, 156.0, 173.0, 153.0, 178.0, 117.0, 63.0, 35.0, 94.0, 75.0, 0.0, 32.0, 67.0, 111.0, 149.0, 17.0, 31.0]","[261.0, 83.0, 80.0, 2.0, 32.0, 7.0, 12.0, 42.0, 1.0, 5.0, 5.0, 3.0, 2.0, 3.0, 2.0, 18.0, 1.0, 2.0, 2.0, 4.0, 1.0, 3.0, 2.0, 29.0, 8.0, 9.0, 2.0, 6.0, 9.0, 1.0, 1.0, 47.0, 1.0]"
1,0.1815587878227234,-0.5970569849014282,"[164.0, 158.0, 174.0, 163.0, 173.0, 176.0, 172.0, 157.0, 168.0, 154.0, 155.0, 170.0, 171.0, 178.0, 160.0, 165.0, 169.0, 175.0, 161.0, 179.0, 94.0, 35.0, 9.0, 150.0, 43.0, 13.0, 64.0, 115.0, 26.0, 151.0, 18.0, 21.0, 112.0, 75.0, 7.0, 152.0]","[6.0, 413.0, 1280.0, 16.0, 6.0, 24.0, 9.0, 16.0, 4.0, 17.0, 1.0, 1.0, 3.0, 28.0, 2.0, 1.0, 1.0, 3.0, 1.0, 2.0, 1.0, 2.0, 1.0, 2.0, 1.0, 1.0, 1.0, 1.0, 54.0, 2.0, 1.0, 1.0, 4.0, 1.0, 1.0, 4.0]"
1,0.11417534947395325,-0.32226067781448364,"[167.0, 175.0, 160.0, 168.0, 165.0, 158.0, 156.0, 169.0, 176.0, 171.0, 163.0, 164.0, 174.0, 155.0, 172.0, 178.0, 117.0, 67.0, 17.0, 149.0, 150.0, 32.0, 94.0, 152.0, 63.0, 19.0, 64.0, 151.0, 153.0, 35.0, 62.0, 52.0]","[205.0, 312.0, 785.0, 199.0, 355.0, 5.0, 8.0, 7.0, 8.0, 4.0, 1.0, 2.0, 13.0, 1.0, 1.0, 4.0, 2.0, 17.0, 3.0, 3.0, 4.0, 9.0, 71.0, 2.0, 18.0, 6.0, 4.0, 2.0, 17.0, 3.0, 1.0, 2.0]"
1,0.36008918285369873,-0.43312934041023254,"[169.0, 163.0, 173.0, 172.0, 168.0, 170.0, 156.0, 162.0, 158.0, 178.0, 174.0, 165.0, 177.0, 167.0, 164.0, 171.0, 179.0, 157.0, 176.0, 160.0, 55.0, 131.0, 152.0, 58.0, 66.0, 150.0, 154.0, 32.0, 149.0, 69.0, 18.0, 54.0, 43.0, 56.0, 153.0, 60.0, 13.0, 63.0, 151.0, 137.0]","[19.0, 89.0, 31.0, 5.0, 2.0, 10.0, 2.0, 3.0, 1.0, 466.0, 4.0, 5.0, 9.0, 18.0, 72.0, 6.0, 1.0, 4.0, 2.0, 1.0, 211.0, 1.0, 7.0, 1.0, 6.0, 23.0, 1.0, 1.0, 4.0, 1.0, 71.0, 1.0, 1.0, 20.0, 1.0, 1.0, 1.0, 1.0, 51.0, 2.0]"
1,0.06395740061998367,-0.5918708443641663,"[158.0, 168.0, 165.0, 167.0, 175.0, 159.0, 176.0, 169.0, 173.0, 163.0, 174.0, 164.0, 161.0, 172.0, 109.0, 155.0, 151.0, 75.0, 19.0, 26.0, 32.0, 17.0, 152.0, 154.0]","[822.0, 58.0, 2.0, 38.0, 39.0, 3.0, 80.0, 2.0, 1.0, 3.0, 19.0, 1.0, 36.0, 2.0, 2.0, 2.0, 2.0, 6.0, 2.0, 1.0, 4.0, 2.0, 2.0, 8.0]"
1,0.3208834230899811,-0.8074666857719421,"[158.0, 164.0, 162.0, 159.0, 168.0, 179.0, 165.0, 172.0, 169.0, 161.0, 176.0, 149.0, 153.0, 150.0, 155.0, 151.0]","[21.0, 30.0, 108.0, 5.0, 1.0, 6.0, 1.0, 81.0, 1.0, 2.0, 5.0, 313.0, 16.0, 5.0, 4.0, 1.0]"
1,0.1318834125995636,-0.6101726293563843,"[174.0, 162.0, 163.0, 166.0, 175.0, 176.0, 173.0, 168.0, 167.0, 169.0, 165.0, 160.0, 170.0, 178.0, 171.0, 164.0, 172.0, 179.0, 161.0, 26.0, 149.0, 152.0, 75.0, 155.0, 157.0, 156.0, 94.0, 150.0, 153.0, 13.0, 154.0, 43.0, 38.0, 151.0, 112.0, 35.0, 62.0]","[1126.0, 9.0, 22.0, 1.0, 7.0, 25.0, 14.0, 8.0, 6.0, 3.0, 1.0, 1.0, 1.0, 35.0, 2.0, 8.0, 18.0, 2.0, 5.0, 35.0, 34.0, 12.0, 1.0, 1.0, 21.0, 822.0, 1.0, 4.0, 413.0, 1.0, 5.0, 4.0, 2.0, 5.0, 1.0, 3.0, 1.0]"
1,0.13710062205791473,-1.0,"[162.0, 176.0, 168.0, 161.0, 178.0, 172.0, 149.0, 157.0, 156.0]","[11.0, 1.0, 2.0, 301.0, 1.0, 2.0, 5.0, 5.0, 3.0]"
1,0.08210092782974243,-0.36372116208076477,"[168.0, 167.0, 165.0, 175.0, 163.0, 178.0, 174.0, 171.0, 63.0, 149.0, 5.0, 17.0, 158.0, 151.0, 18.0, 35.0, 154.0, 153.0, 152.0, 32.0, 67.0, 155.0, 117.0, 19.0, 75.0, 94.0]","[740.0, 22.0, 81.0, 14.0, 25.0, 5.0, 1.0, 1.0, 6.0, 2.0, 1.0, 27.0, 1.0, 2.0, 1.0, 12.0, 785.0, 2.0, 80.0, 3.0, 6.0, 1.0, 9.0, 1.0, 1.0, 3.0]"
1,0.1308881640434265,-0.8928433060646057,"[165.0, 168.0, 162.0, 173.0, 176.0, 178.0, 172.0, 174.0, 164.0, 179.0, 156.0, 149.0, 159.0, 158.0, 153.0, 48.0, 157.0, 55.0]","[1.0, 1.0, 26.0, 1.0, 5.0, 2.0, 36.0, 2.0, 1.0, 2.0, 36.0, 11.0, 301.0, 5.0, 1.0, 1.0, 2.0, 1.0]"
1,0.24749654531478882,-0.8216705322265625,"[164.0, 172.0, 179.0, 176.0, 169.0, 163.0, 173.0, 155.0, 3.0, 161.0, 158.0, 150.0, 10.0, 149.0, 159.0, 157.0, 69.0, 135.0]","[47.0, 73.0, 10.0, 5.0, 2.0, 2.0, 1.0, 3.0, 1.0, 26.0, 9.0, 37.0, 2.0, 11.0, 11.0, 108.0, 1.0, 1.0]"
1,0.24879193305969238,-0.5418168306350708,"[173.0, 172.0, 165.0, 167.0, 175.0, 170.0, 174.0, 171.0, 168.0, 164.0, 179.0, 178.0, 176.0, 177.0, 166.0, 169.0, 158.0, 154.0, 75.0, 63.0, 151.0, 55.0, 18.0, 149.0, 152.0, 150.0, 160.0, 35.0, 94.0, 79.0, 66.0, 38.0, 39.0, 153.0, 156.0, 155.0, 162.0, 135.0, 77.0]","[235.0, 3.0, 18.0, 6.0, 32.0, 3.0, 16.0, 5.0, 7.0, 26.0, 105.0, 31.0, 5.0, 3.0, 2.0, 11.0, 22.0, 1.0, 1.0, 3.0, 8.0, 7.0, 2.0, 17.0, 1.0, 7.0, 25.0, 4.0, 1.0, 2.0, 2.0, 3.0, 2.0, 16.0, 3.0, 89.0, 2.0, 1.0, 1.0]"
1,0.3056034743785858,-0.5936043858528137,"[171.0, 172.0, 179.0, 168.0, 167.0, 173.0, 170.0, 174.0, 178.0, 165.0, 169.0, 175.0, 156.0, 55.0, 154.0, 149.0, 150.0, 18.0, 162.0, 155.0, 157.0, 158.0, 0.0, 152.0, 151.0, 48.0, 137.0, 58.0, 39.0, 86.0, 153.0, 163.0, 161.0]","[10.0, 38.0, 79.0, 2.0, 3.0, 44.0, 2.0, 5.0, 14.0, 3.0, 6.0, 2.0, 1.0, 8.0, 2.0, 142.0, 134.0, 7.0, 47.0, 72.0, 30.0, 8.0, 2.0, 32.0, 47.0, 1.0, 1.0, 2.0, 1.0, 1.0, 6.0, 26.0, 1.0]"
1,0.18636180460453033,-0.3304007053375244,"[168.0, 175.0, 173.0, 174.0, 172.0, 177.0, 167.0, 166.0, 176.0, 179.0, 160.0, 154.0, 157.0, 44.0, 35.0, 75.0, 32.0, 155.0, 152.0, 156.0, 158.0, 163.0, 149.0, 151.0, 150.0, 67.0, 111.0, 164.0, 153.0, 161.0, 63.0, 17.0]","[102.0, 12.0, 362.0, 2.0, 3.0, 1.0, 6.0, 5.0, 1.0, 1.0, 81.0, 355.0, 1.0, 1.0, 13.0, 30.0, 16.0, 5.0, 83.0, 2.0, 1.0, 18.0, 13.0, 2.0, 2.0, 2.0, 2.0, 3.0, 1.0, 1.0, 1.0, 113.0]"
1,0.42645174264907837,-0.35684892535209656,"[168.0, 167.0, 175.0, 178.0, 176.0, 165.0, 3.0, 151.0, 10.0, 152.0, 158.0, 163.0, 59.0, 4.0]","[8.0, 114.0, 2.0, 1.0, 1.0, 5.0, 73.0, 1.0, 29.0, 3.0, 1.0, 2.0, 5.0, 1.0]"
1,0.19893907010555267,-0.40195849537849426,"[175.0, 168.0, 169.0, 174.0, 178.0, 176.0, 171.0, 170.0, 158.0, 160.0, 151.0, 163.0, 112.0, 32.0, 164.0, 17.0, 67.0, 165.0, 154.0, 63.0, 155.0, 150.0, 166.0, 75.0, 152.0, 55.0, 156.0, 94.0, 109.0]","[456.0, 85.0, 7.0, 34.0, 17.0, 1.0, 3.0, 2.0, 6.0, 22.0, 1.0, 6.0, 1.0, 11.0, 3.0, 2.0, 34.0, 6.0, 205.0, 26.0, 18.0, 1.0, 114.0, 1.0, 5.0, 1.0, 38.0, 25.0, 1.0]"
1,0.15370365977287292,-0.3890160620212555,"[177.0, 174.0, 171.0, 170.0, 175.0, 179.0, 172.0, 176.0, 169.0, 178.0, 173.0, 117.0, 155.0, 158.0, 160.0, 152.0, 166.0, 157.0, 159.0, 167.0, 10.0, 161.0, 17.0, 164.0, 163.0, 150.0, 165.0, 5.0, 25.0, 81.0, 153.0, 154.0, 23.0, 62.0, 0.0, 6.0, 29.0, 149.0, 156.0, 35.0, 4.0, 56.0, 75.0, 63.0, 94.0, 55.0]","[28.0, 13.0, 8.0, 1.0, 13.0, 1.0, 7.0, 1.0, 2.0, 1.0, 47.0, 2.0, 2.0, 8.0, 740.0, 261.0, 8.0, 1.0, 2.0, 85.0, 2.0, 1.0, 33.0, 2.0, 7.0, 1.0, 102.0, 1.0, 1.0, 1.0, 4.0, 199.0, 1.0, 1.0, 1.0, 1.0, 1.0, 4.0, 58.0, 13.0, 1.0, 1.0, 2.0, 2.0, 6.0, 1.0]"
1,0.3160070776939392,-0.3821471035480499,"[178.0, 177.0, 175.0, 179.0, 174.0, 176.0, 171.0, 58.0, 47.0, 154.0, 150.0, 158.0, 54.0, 105.0, 155.0, 157.0, 18.0, 66.0, 153.0, 168.0, 151.0, 164.0, 56.0, 163.0, 162.0, 167.0, 156.0, 55.0, 62.0, 108.0, 134.0]","[21.0, 1.0, 22.0, 2.0, 3.0, 10.0, 3.0, 1.0, 1.0, 7.0, 21.0, 3.0, 21.0, 3.0, 19.0, 1.0, 6.0, 1.0, 1.0, 2.0, 34.0, 6.0, 4.0, 11.0, 2.0, 7.0, 2.0, 15.0, 1.0, 2.0, 1.0]"
1,0.5896473526954651,-0.6832305788993835,"[171.0, 177.0, 178.0, 168.0, 163.0, 164.0, 155.0, 153.0, 158.0, 152.0, 167.0]","[59.0, 67.0, 1.0, 1.0, 3.0, 2.0, 10.0, 1.0, 1.0, 3.0, 2.0]"
1,0.45265501737594604,-0.4802197217941284,"[176.0, 178.0, 174.0, 179.0, 175.0, 151.0, 163.0, 55.0, 18.0, 54.0, 56.0, 64.0, 36.0, 62.0, 42.0, 30.0, 154.0, 153.0, 164.0, 158.0, 66.0, 150.0, 155.0, 13.0, 35.0, 138.0, 168.0, 152.0, 170.0, 169.0, 167.0, 80.0, 160.0]","[9.0, 23.0, 1.0, 2.0, 1.0, 4.0, 5.0, 1.0, 1.0, 19.0, 2.0, 1.0, 3.0, 1.0, 1.0, 1.0, 4.0, 3.0, 10.0, 2.0, 1.0, 76.0, 6.0, 1.0, 1.0, 1.0, 8.0, 18.0, 59.0, 3.0, 3.0, 1.0, 1.0]"
1,0.2396579533815384,-0.7313838005065918,"[175.0, 174.0, 177.0, 176.0, 173.0, 179.0, 178.0, 153.0, 163.0, 149.0, 151.0, 168.0, 55.0, 157.0, 39.0, 165.0, 161.0, 155.0, 10.0, 35.0, 150.0, 152.0, 158.0, 164.0, 63.0, 154.0, 162.0, 159.0, 61.0, 156.0]","[2.0, 4.0, 1.0, 6.0, 2.0, 57.0, 2.0, 9.0, 3.0, 71.0, 4.0, 7.0, 1.0, 81.0, 1.0, 3.0, 36.0, 5.0, 3.0, 1.0, 12.0, 2.0, 18.0, 38.0, 1.0, 1.0, 73.0, 2.0, 1.0, 2.0]"
1,0.2333415448665619,-0.469186395406723,"[174.0, 179.0, 175.0, 178.0, 177.0, 176.0, 38.0, 32.0, 163.0, 149.0, 165.0, 161.0, 153.0, 164.0, 151.0, 120.0, 9.0, 172.0, 155.0, 137.0, 158.0, 168.0, 152.0, 162.0, 156.0, 150.0]","[28.0, 5.0, 3.0, 1.0, 1.0, 1.0, 31.0, 1.0, 235.0, 38.0, 362.0, 1.0, 6.0, 44.0, 2.0, 1.0, 3.0, 2.0, 31.0, 1.0, 14.0, 47.0, 2.0, 1.0, 1.0, 7.0]"
1,0.1543010175228119,-0.5466968417167664,"[178.0, 175.0, 176.0, 168.0, 172.0, 38.0, 151.0, 163.0, 156.0, 165.0, 155.0, 35.0, 26.0, 167.0, 154.0, 152.0, 173.0, 158.0, 171.0, 153.0, 164.0, 149.0, 75.0, 18.0, 64.0, 43.0, 150.0, 161.0, 160.0, 31.0, 169.0, 70.0, 25.0, 127.0]","[9.0, 33.0, 46.0, 13.0, 4.0, 1.0, 9.0, 16.0, 19.0, 2.0, 4.0, 3.0, 60.0, 34.0, 13.0, 42.0, 28.0, 1126.0, 1.0, 1280.0, 5.0, 4.0, 2.0, 1.0, 11.0, 5.0, 2.0, 2.0, 1.0, 2.0, 3.0, 1.0, 1.0, 2.0]"
1,0.12429691106081009,-0.4275963306427002,"[178.0, 176.0, 179.0, 158.0, 156.0, 94.0, 165.0, 168.0, 163.0, 166.0, 42.0, 160.0, 63.0, 32.0, 173.0, 174.0, 149.0, 67.0, 19.0, 64.0, 167.0, 153.0, 154.0, 35.0, 55.0, 172.0, 75.0, 152.0, 151.0, 169.0, 17.0, 164.0, 171.0, 74.0, 21.0, 25.0, 53.0, 9.0]","[8.0, 17.0, 1.0, 7.0, 39.0, 32.0, 12.0, 13.0, 32.0, 2.0, 1.0, 14.0, 9.0, 12.0, 3.0, 33.0, 1.0, 7.0, 5.0, 1.0, 456.0, 3.0, 312.0, 2.0, 1.0, 2.0, 4.0, 2.0, 3.0, 22.0, 1.0, 2.0, 1.0, 1.0, 1.0, 1.0, 1.0, 1.0]"
1,0.06349556148052216,-0.46760204434394836,"[177.0, 153.0, 159.0, 156.0, 171.0, 63.0, 40.0, 21.0, 56.0, 18.0, 168.0, 154.0, 149.0, 162.0, 75.0, 161.0, 35.0, 158.0, 172.0, 174.0, 157.0, 151.0, 2.0, 67.0, 19.0, 26.0, 43.0, 9.0, 48.0, 39.0, 64.0, 166.0, 155.0, 163.0, 175.0, 165.0, 169.0, 24.0, 167.0, 145.0, 94.0, 173.0]","[1.0, 24.0, 1.0, 80.0, 9.0, 5.0, 2.0, 19.0, 1.0, 1.0, 1.0, 8.0, 1.0, 5.0, 1.0, 5.0, 1.0, 25.0, 6.0, 46.0, 5.0, 8.0, 1.0, 1.0, 1.0, 34.0, 7.0, 3.0, 1.0, 1.0, 1.0, 1.0, 2.0, 5.0, 17.0, 1.0, 10.0, 1.0, 1.0, 1.0, 1.0, 1.0]"
1,0.47495728731155396,-0.7138082981109619,"[178.0, 170.0, 151.0, 172.0, 176.0, 155.0, 18.0, 165.0, 152.0, 149.0, 169.0, 168.0, 66.0, 173.0, 163.0]","[2.0, 67.0, 2.0, 1.0, 1.0, 9.0, 2.0, 1.0, 5.0, 2.0, 1.0, 28.0, 1.0, 1.0, 3.0]"
1,0.31872251629829407,-0.49479034543037415,"[179.0, 155.0, 169.0, 151.0, 55.0, 18.0, 170.0, 161.0, 163.0, 153.0, 171.0, 158.0, 174.0, 167.0, 150.0, 160.0, 35.0, 177.0, 166.0, 164.0, 39.0, 26.0, 175.0, 63.0, 149.0, 172.0, 168.0, 154.0, 173.0, 58.0, 159.0, 56.0, 52.0, 61.0, 32.0, 152.0]","[1.0, 466.0, 21.0, 32.0, 53.0, 19.0, 1.0, 2.0, 31.0, 28.0, 23.0, 35.0, 9.0, 17.0, 2.0, 5.0, 1.0, 2.0, 1.0, 14.0, 8.0, 1.0, 8.0, 2.0, 9.0, 2.0, 1.0, 4.0, 1.0, 1.0, 1.0, 2.0, 1.0, 1.0, 1.0, 1.0]"
1,0.36699378490448,-0.7306838035583496,"[164.0, 168.0, 173.0, 32.0, 162.0, 163.0, 157.0, 149.0, 155.0, 150.0, 158.0, 62.0, 151.0, 172.0, 58.0, 153.0, 175.0, 171.0, 169.0, 165.0, 178.0, 161.0]","[79.0, 1.0, 5.0, 1.0, 10.0, 105.0, 6.0, 5.0, 1.0, 4.0, 2.0, 1.0, 1.0, 57.0, 1.0, 2.0, 1.0, 2.0, 2.0, 1.0, 1.0, 2.0]"
